/* This script empties the database and re-populates it */

/* populate the department table */
DELETE FROM rng.department;

INSERT INTO rng.department
VALUES
	('dairy', 'dairy products go here'),
	('meat', 'meat products go here'),
	('beverages', 'beverages go here');

INSERT INTO rng.department
VALUES
	("Bread & Bakery", "breads and baked goods"),
	("Condiments & Spice", "condiments, spice, etc"),
	("Baking", "baking ingredients, etc");

INSERT INTO rng.department
VALUES
	('baked goods', 'baked goods go here'),
	('fruits', 'fruits go here'),
	('health products', 'health products go here'),
	('Frozen Food', 'Any type of food kept under 32 degrees'),
	('Produce', 'Fresh foods, seeds and nuts'),
	('Breakfast', 'Basic morning nutrition - foods/beverages');

/* populate category table */
DELETE FROM rng.category;

INSERT INTO rng.category
VALUES
	('yogurt', 'yogurt goes here', 'dairy'),
	('milk', 'milk goes here', 'dairy'),
	('cheese', 'cheese goes here', 'dairy'),
	('butter', 'butter goes here', 'dairy'),
	('cream', 'cream goes here', 'dairy'),
	('beef', 'beef goes here', 'meat'),
	('poultry', 'poultry goes here', 'meat'),
	('pork', 'pork goes here', 'meat'),
	('seafood', 'seafood goes here', 'meat'),
	('tofu', 'tofu goes here', 'meat'),
	('buffalo', 'buffalo goes here', 'meat'),
	('water', 'water goes here', 'beverages'),
	('tea', 'tea goes here', 'beverages'),
	('juice', 'juice goes here', 'beverages'),
	('soft_drink', 'soft drink goes here', 'beverages'),
	('alcohol', 'alcohol goes here', 'beverages'),
	("Bread", "packaged bread", "Bread & Bakery"),
	("Buns & Rolls", "packaged buns and rolls", "Bread & Bakery"),
	("Tortillas", "fresh baked tortillas", "Bread & Bakery"),
	("Flatbread & Pitas", "packaged flatbread and pitas", "Bread & Bakery"),
	("Baked Desserts", "fresh baked desserts", "Bread & Bakery"),
	("Condiments", "condiments", "Condiments & Spice"),
	("Dressing, Oil & Vinegar", "dressing, oit, vinegar", "Condiments & Spice"),
	("Sauces & Marinades", "sauces, marinades", "Condiments & Spice"),
	("Seasoning & Spices", "seasoning, spice", "Condiments & Spice"),
	("Salsa & Dips", "salsa, dips", "Condiments & Spice"),
	("Baking Mixes", "Packaged ready to bake mixes", "Baking"),
	("Baking Ingredients", "Assortment of baking ingredients", "Baking"),
	("Honey & Syrup", "honey, syrups", "Baking"),
	("Jams & Spreads", "jams, spreads", "Baking"),
	('cookie', 'cookie goes here', 'baked goods'),
	('sandwich bread', 'sandwich bread goes here', 'baked goods'),
	('garlic knots', 'garlic knots goes here', 'baked goods'),
	('croissant', 'croissant goes here', 'baked goods'),
	('pie', 'pie goes here', 'baked goods'),
	('apple', 'apple goes here', 'fruits'),
	('banana', 'banana goes here', 'fruits'),
	('orange', 'orange goes here', 'fruits'),
	('grapes', 'grapes goes here', 'fruits'),
	('strawberry', 'strawberry goes here', 'fruits'),
	('deodorant', 'deodorant goes here', 'health products'),
	('toothpaste', 'toothpaste goes here', 'health products'),
	('sunscreen', 'sunscreen goes here', 'health products'),
	('mouthwash', 'mouthwash goes here', 'health products'),
	('shampoo', 'shampoo goes here', 'health products'),
	('Prepared & Frozen Meat', 'Frozen Meat, Seafood, Poultry', 'Frozen Food'),
	('Frozen Fruits & Frozen Vegetables', 'Frozen Fruits & Vegtables ', 'Frozen Food'),
	('Ice Cream & Frozen Desserts', 'Frozen Treat, Snack, makes most people happy', 'Frozen Food'),
	('Frozen Juice', 'Fruit juice that has been frozen', 'Frozen Food'),
	('Frozen Appetizers & Frozen Meals', 'TV dinners, prepared meals you put in the oven/microwave', 'Frozen Food'),
	('Fruits', 'a male homosexual.', 'Produce'),
	('Vegatables', 'a person with a dull or inactive life', 'Produce'),
	('Salad', 'a cold dish of various mixtures of raw or cooked vegetables', 'Produce'),
	('Potatoes', 'a starchy plant tuber ', 'Produce'),
	('Nuts & Seeds', 'Some Times you feel like a Nut', 'Produce'),
	('Cereal', 'Edible stuff you eat with milk', 'Breakfast'),
	('Oatmeal', 'Warm edible stuff - soggy cereal', 'Breakfast'),
	('Coffee Beans/Ground', 'Caffine, Caffine, Caffine', 'Breakfast'),
	('Breakfast Bars', 'granola, protien bars, cardboard', 'Breakfast'),
	('Breakfast Snacks', 'Popcorn, rice treats, raisins, trail mix', 'Breakfast');

/* populate aisle_number table */
DELETE FROM rng.aisle_number;

INSERT INTO rng.aisle_number
VALUES
	('yogurt', 1),
	('milk', 1),
	('cheese', 1),
	('butter', 2),
	('cream', 2),
	('beef', 2),
	('poultry', 3),
	('pork', 3),
	('seafood', 3),
	('tofu', 4),
	('buffalo', 4),
	('water', 4),
	('tea', 4),
	('juice', 5),
	('soft_drink', 5),
	('alcohol', 5),
	("Bread", 6),
	("Buns & Rolls", 6),
	("Baked Desserts", 7),
	("Flatbread & Pitas", 7),
	("Tortillas", 7),
	("Condiments", 9),
	("Dressing, Oil & Vinegar", 9),
	("Salsa & Dips", 9),
	("Sauces & Marinades", 9),
	("Seasoning & Spices", 9),
	("Baking Ingredients", 10),
	("Baking Mixes", 10),
	("Honey & Syrup", 10),
	("Jams & Spreads", 10),
	('cookie', '16'),
	('sandwich bread', '16'),
	('garlic knots', '16'),
	('croissant', '17'),
	('pie', '17'),
	('apple', '17'),
	('banana', '18'),
	('orange', '18'),
	('grapes', '18'),
	('strawberry', '19'),
	('deodorant', '19'),
	('toothpaste', '19'),
	('sunscreen', '20'),
	('mouthwash', '20'),
	('shampoo', '20'),
	('Potatoes', '12'),
	('Fruits', '11'),
	('Vegatables', '11'),
	('Salad', '11'),
	('Nuts & Seeds', '12'),
	('Frozen Appetizers & Frozen Meals', '14'),
	('Frozen Fruits & Frozen Vegetables', '14'),
	('Frozen Juice', '13'),
	('Ice Cream & Frozen Desserts', '13'),
	('Prepared & Frozen Meat', '14'),
	('Breakfast Bars', '15'),
	('Breakfast Snacks', '15'),
	('Cereal', '15'),
	('Oatmeal', '15'),
	('Coffee Beans/Ground', '15');

/* populate customer table */
DELETE FROM rng.customer;

INSERT INTO rng.customer
VALUES
	(1, 'Lynne Wolfe', '648 Red Cloud Park', '8831824590', 'lwolfe0@fotki.com', '1987-07-07', '2005-09-05'),
	(2, 'Cortney Oseman', '94 Nevada Way', '2196504601', 'coseman1@devhub.com', '1973-02-06', '2014-05-20'),
	(3, 'Eric Rockwill', '84608 Meadow Ridge Junction', '1456050459', 'erockwill2@so-net.ne.jp', '1999-02-07', '2010-01-01'),
	(4, 'Domenic Thibodeaux', '50919 Delaware Way', '4181237636', 'dthibodeaux3@creativecommons.org', '1975-06-30', '2003-07-23'),
	(5, 'Suzie Mackin', '61 Northland Lane', '9661415598', 'smackin4@weather.com', '1977-01-04', '2001-04-20'),
	(6, 'Jacynth Prendiville', '91 Pond Lane', '8929227488', 'jprendiville5@blogtalkradio.com', '1974-01-25', '2017-07-05'),
	(7, 'Thea Campey', '54401 Brown Plaza', '6098172690', 'tcampey6@de.vu', '1985-10-26', '2009-04-19'),
	(8, 'Petronia Copley', '9462 Eagle Crest Way', '2598333524', 'pcopley7@pcworld.com', '1994-07-26', '2011-02-15'),
	(9, 'Ranee Emilien', '394 Mcguire Avenue', '4608538107', 'remilien8@lycos.com', '1986-04-02', '2005-08-15'),
	(10, 'Moises Giraudou', '737 Holy Cross Junction', '6676704565', 'mgiraudou9@sina.com.cn', '1978-07-26', '2018-12-05'),
	(11, 'Loraine Bulle', '349 Golf View Point', '4127340559', 'lbullea@vimeo.com', '1970-09-01', '2017-07-18'),
	(12, 'Sorcha Pontain', '78283 Melvin Lane', '4255690755', 'spontainb@nsw.gov.au', '1998-02-24', '2017-09-29'),
	(13, 'Cassandry Adshed', '9149 Donald Hill', '5801675083', 'cadshedc@ucla.edu', '1989-02-12', '2018-06-16'),
	(14, 'Skylar Gilardoni', '52 Almo Court', '4663356173', 'sgilardonid@hubpages.com', '1993-09-25', '2008-09-03'),
	(15, 'Pammy Cohrs', '5 Anhalt Alley', '5525506791', 'pcohrse@patch.com', '1971-09-03', '2015-09-08'),
	(16, 'Farlie Carrabott', '727 High Crossing Point', '5777115260', 'fcarrabottf@people.com.cn', '1989-07-25', '2011-07-07'),
	(17, 'Gilberte Fairfoul', '1958 Kedzie Circle', '9106620276', 'gfairfoulg@bing.com', '1995-10-14', '2012-03-22'),
	(18, 'Lyon Fader', '4699 Lakewood Place', '4789598580', 'lfaderh@yahoo.co.jp', '1985-10-24', '2018-10-21'),
	(19, 'Herve Stripp', '6 Dryden Park', '7778739808', 'hstrippi@youku.com', '1980-08-03', '2006-04-01'),
	(20, 'Iain Harriott', '196 Warner Center', '8303279919', 'iharriottj@independent.co.uk', '1977-11-27', '2012-02-14'),
	(21, 'Janean Akroyd', '34 Mcbride Drive', '3376745309', 'jakroydk@com.com', '1994-03-29', '2008-03-20'),
	(22, 'Herby Gilardone', '3301 Village Green Pass', '2996762782', 'hgilardonel@npr.org', '1979-08-24', '2009-05-04'),
	(23, 'Thane Klug', '4501 Troy Lane', '9314482560', 'tklugm@gravatar.com', '1976-04-08', '2007-05-11'),
	(24, 'Sarita Piddlesden', '056 Dexter Court', '4504583653', 'spiddlesdenn@walmart.com', '1994-05-20', '2006-09-24'),
	(25, 'Dorelle Errey', '7981 Katie Court', '1002982934', 'derreyo@senate.gov', '1978-12-28', '2007-06-12'),
	(26, 'Jacinda Faughnan', '7 Thompson Avenue', '2664288513', 'jfaughnanp@merriam-webster.com', '1991-11-28', '2012-09-12'),
	(27, 'Minette Magne', '793 Hanover Parkway', '9994297295', 'mmagneq@twitter.com', '1996-05-26', '2018-04-17'),
	(28, 'Lesly Ellington', '96070 Dayton Trail', '3654690640', 'lellingtonr@hugedomains.com', '1974-11-05', '2016-04-07'),
	(29, 'Keslie Litton', '40762 Maryland Lane', '8093521495', 'klittons@loc.gov', '1990-03-24', '2006-09-27'),
	(30, 'Liv Choke', '1 Calypso Trail', '5827827614', 'lchoket@mac.com', '1971-06-28', '2001-08-23'),
	(31, 'Othilia Sibbit', '820 Emmet Court', '8479688060', 'osibbitu@dyndns.org', '1975-12-28', '2005-04-16'),
	(32, 'Kass Arsey', '1805 Carey Pass', '2126353679', 'karseyv@webmd.com', '1977-12-26', '2013-11-12'),
	(33, 'Germayne Castle', '27823 Carpenter Drive', '1447401958', 'gcastlew@ebay.co.uk', '1998-12-17', '2009-03-09'),
	(34, 'Gerhardt Leverentz', '95572 Scoville Lane', '5757502165', 'gleverentzx@marketwatch.com', '1974-08-15', '2002-04-26'),
	(35, 'Dov Mathers', '6 Melody Lane', '6736439818', 'dmathersy@alexa.com', '1981-09-29', '2013-05-28'),
	(36, 'Max Le Merchant', '73059 Sachs Parkway', '7183162502', 'mlez@networkadvertising.org', '1979-12-20', '2011-10-09'),
	(37, 'Claudine Branchett', '8801 Vermont Trail', '4386407294', 'cbranchett10@bloglovin.com', '1988-04-18', '2006-07-08'),
	(38, 'Britteny Whiten', '480 Randy Plaza', '4385605587', 'bwhiten11@nsw.gov.au', '1997-12-14', '2012-06-11'),
	(39, 'Lauryn Chastey', '941 Michigan Place', '9115177057', 'lchastey12@columbia.edu', '1985-08-22', '2001-02-20'),
	(40, 'Drake Ozintsev', '0 Di Loreto Alley', '6336295657', 'dozintsev13@google.com.br', '1985-01-27', '2002-09-03'),
	(41, 'Crin Goneau', '9 Dayton Way', '1093927318', 'cgoneau14@china.com.cn', '1989-05-27', '2017-12-06'),
	(42, 'Svend Davion', '7 Utah Place', '4174650901', 'sdavion15@discovery.com', '1991-03-12', '2001-12-30'),
	(43, 'Stephen Skeffington', '4754 Stang Avenue', '6792601871', 'sskeffington16@vinaora.com', '1990-11-10', '2003-08-04'),
	(44, 'Lenci Essame', '83 Prairieview Point', '3027235037', 'lessame17@phoca.cz', '1988-04-06', '2001-11-03'),
	(45, 'Hillel Tallyn', '023 Ronald Regan Plaza', '4508216479', 'htallyn18@blogger.com', '1993-08-27', '2013-12-09'),
	(46, 'Marcos Poate', '83994 Bashford Terrace', '9136430329', 'mpoate19@bbc.co.uk', '1996-11-10', '2011-01-08'),
	(47, 'Rhody Screase', '1827 Porter Lane', '8619770563', 'rscrease1a@un.org', '1977-05-18', '2009-10-17'),
	(48, 'Norah Basillon', '853 Bonner Court', '7151745310', 'nbasillon1b@shutterfly.com', '1997-08-08', '2012-09-02'),
	(49, 'Shayne Maccrie', '87517 Stephen Place', '6468208665', 'smaccrie1c@oaic.gov.au', '1991-10-01', '2010-04-26'),
	(50, 'Ivar Faraker', '66 Buena Vista Court', '1268219288', 'ifaraker1d@army.mil', '1988-03-26', '2010-02-04'),
	(51, 'Radcliffe Bambrugh', '54486 Leroy Point', '3434941239', 'rbambrugh0@wired.com', '1994-10-06', '2012-09-11'),
	(52, 'Burl Medgwick', '3 Dunning Center', '2096766574', 'bmedgwick1@photobucket.com', '1996-12-07', '1994-12-22'),
	(53, 'Devina Maywood', '6 Old Gate Plaza', '3115873014', 'dmaywood2@webnode.com', '1992-01-25', '2004-08-26'),
	(54, 'Carolina Beacham', '79988 Redwing Road', '7588730778', 'cbeacham3@discovery.com', '1973-01-05', '2014-07-08'),
	(55, 'Timmy Venn', '9 Westend Park', '3613818458', 'tvenn4@abc.net.au', '1993-10-12', '1999-05-27'),
	(56, 'Harald Volke', '95759 Oakridge Crossing', '8546468311', 'hvolke5@gov.uk', '1999-07-16', '2011-02-23'),
	(57, 'Borg Trout', '322 Lake View Terrace', '1086642668', 'btrout6@example.com', '1988-04-02', '2003-08-10'),
	(58, 'Calhoun Viney', '3337 7th Park', '6331901483', 'cviney7@wikimedia.org', '1981-09-06', '1994-07-04'),
	(59, 'Wit Elie', '36 Kropf Terrace', '4403683246', 'welie8@behance.net', '1989-06-30', '2012-11-04'),
	(60, 'James Hairsnape', '02 Fordem Lane', '3559522493', 'jhairsnape9@fema.gov', '1976-05-22', '2010-02-09'),
	(61, 'Aldo Vanin', '450 Shopko Street', '7559825068', 'avanina@goo.ne.jp', '1998-02-22', '2006-01-24'),
	(62, 'Lulita Dollen', '89 Sheridan Lane', '2447922190', 'ldollenb@booking.com', '1991-12-02', '2001-09-20'),
	(63, 'Nonie Clow', '7121 Ridgeway Lane', '5587197873', 'nclowc@plala.or.jp', '1971-10-25', '2009-09-18'),
	(64, 'Gustaf Housden', '1247 American Ash Avenue', '7303688172', 'ghousdend@netvibes.com', '1972-07-02', '2004-05-16'),
	(65, 'Caesar Sneller', '42 Havey Court', '3097208460', 'csnellere@sakura.ne.jp', '1997-12-31', '2003-02-14'),
	(66, 'Doralia Dyke', '24 Bowman Place', '7468442255', 'ddykef@bing.com', '1985-02-09', '2010-04-22'),
	(67, 'Matt Jauncey', '10 Rutledge Pass', '8693732214', 'mjaunceyg@weather.com', '1996-04-02', '1998-11-21'),
	(68, 'Lari Shann', '3 Manufacturers Point', '9957982370', 'lshannh@oakley.com', '1981-07-09', '2003-04-20'),
	(69, 'Filbert Meuse', '2581 Hagan Trail', '8763419021', 'fmeusei@wordpress.org', '1979-10-19', '2007-03-21'),
	(70, 'Deina Sterland', '09 Eliot Place', '9723309408', 'dsterlandj@ft.com', '1988-09-17', '2002-01-23'),
	(71, 'Corrie Hehnke', '5401 Carpenter Pass', '3165270651', 'chehnkek@theatlantic.com', '1991-05-31', '1998-06-12'),
	(72, 'Renado Waiting', '48222 Morning Park', '3907424969', 'rwaitingl@netlog.com', '1976-09-21', '2014-10-25'),
	(73, 'Percy Kellart', '78 Mcbride Hill', '6165217759', 'pkellartm@yale.edu', '1975-09-11', '2015-04-11'),
	(74, 'Arlana Leagas', '3645 Commercial Court', '2388685800', 'aleagasn@smh.com.au', '1982-05-14', '2010-09-10'),
	(75, 'Casey Dzenisenka', '19 Little Fleur Alley', '1822306502', 'cdzenisenkao@jimdo.com', '1999-10-18', '2005-10-21'),
	(76, 'Janey Lainton', '98782 Northridge Terrace', '7493750015', 'jlaintonp@psu.edu', '1988-10-13', '2009-02-17'),
	(77, 'Mufinella Vlasin', '23592 Everett Point', '5721262486', 'mvlasinq@japanpost.jp', '1997-08-17', '2002-02-08'),
	(78, 'Anthia Frensche', '6 Fordem Plaza', '9057683515', 'afrenscher@fc2.com', '1977-05-19', '2016-08-24'),
	(79, 'Craggie Bluck', '6999 Anniversary Crossing', '4853491572', 'cblucks@ow.ly', '1999-06-02', '2012-04-27'),
	(80, 'Lezlie Wilacot', '57678 Coleman Pass', '7827442667', 'lwilacott@uol.com.br', '1993-03-11', '2011-12-18'),
	(81, 'Marina Whardley', '275 Sachtjen Point', '6441418315', 'mwhardleyu@biblegateway.com', '1995-09-22', '1996-06-15'),
	(82, 'James Tarbert', '72709 Troy Parkway', '4063198406', 'jtarbertv@instagram.com', '1979-05-02', '2008-06-10'),
	(83, 'Leeann Damrel', '47207 Everett Alley', '3131225440', 'ldamrelw@livejournal.com', '1972-10-14', '1996-08-17'),
	(84, 'Hilary Dorin', '88 Johnson Place', '9735835706', 'hdorinx@quantcast.com', '1994-12-20', '1996-02-08'),
	(85, 'Ham Iacovides', '4298 Charing Cross Place', '1709079747', 'hiacovidesy@mac.com', '1979-10-19', '1997-12-01'),
	(86, 'Felizio Watkiss', '08851 Golf View Park', '4229927838', 'fwatkissz@unc.edu', '1983-08-17', '1992-01-03'),
	(87, 'Tish Dows', '267 Walton Avenue', '3614589896', 'tdows10@dmoz.org', '1996-04-27', '2008-04-06'),
	(88, 'Marc Cockshutt', '206 Sugar Pass', '4984000859', 'mcockshutt11@unicef.org', '1999-03-12', '2001-08-26'),
	(89, 'Ardene Blare', '51 Basil Road', '7606885656', 'ablare12@clickbank.net', '1982-03-09', '1990-10-28'),
	(90, 'Cosmo Bocking', '67 Arrowood Street', '1687888785', 'cbocking13@addthis.com', '1978-06-15', '2019-03-05'),
	(91, 'Clary Solomon', '32862 Walton Avenue', '9095258014', 'csolomon14@yolasite.com', '1995-12-31', '2013-05-28'),
	(92, 'Tiler Asple', '2157 Grayhawk Terrace', '2127278304', 'tasple15@vkontakte.ru', '1985-12-30', '2010-08-16'),
	(93, 'Wainwright Ledrane', '1195 Bartelt Street', '9883501250', 'wledrane16@tiny.cc', '1986-01-26', '1995-08-27'),
	(94, 'Gawain Gores', '6 Homewood Avenue', '3287190452', 'ggores17@smh.com.au', '1992-12-22', '2012-06-08'),
	(95, 'Freddie Nichol', '56786 Esker Circle', '3264824823', 'fnichol18@artisteer.com', '1996-06-05', '1995-06-30'),
	(96, 'Raynell Rigler', '45731 Bellgrove Trail', '9389968773', 'rrigler19@delicious.com', '1989-04-14', '2002-10-23'),
	(97, 'Boony Parsons', '82 Golf Place', '4787529097', 'bparsons1a@amazon.co.uk', '1988-07-30', '2018-10-21'),
	(98, 'Hamilton Trevorrow', '6755 Hooker Avenue', '6475603085', 'htrevorrow1b@hp.com', '1989-02-09', '2014-01-28'),
	(99, 'Hervey Boake', '3 Grover Avenue', '5563414497', 'hboake1c@aol.com', '1987-06-19', '1998-12-24'),
	(100, 'Libbey Shepland', '35158 Mccormick Plaza', '2413230065', 'lshepland1d@wunderground.com', '1978-10-15', '1991-05-06'),
	(151, 'Abagael Beining', '02 Mifflin Hill', '1991695825', 'abeining0@soundcloud.com', '1984-05-08', '2015-08-27'),
	(152, 'Heinrik Kun', '443 Shasta Terrace', '4245768004', 'hkun1@istockphoto.com', '1953-03-04', '2012-02-15'),
	(153, 'Silas Bowart', '53971 Hanover Road', '7905384210', 'sbowart2@amazonaws.com', '1982-12-08', '2014-03-23'),
	(154, 'Lorelle Illsley', '255 Sycamore Road', '6681667049', 'lillsley3@1688.com', '1985-12-19', '2012-10-10'),
	(155, 'Sonnnie Stigell', '4442 Cambridge Road', '1997320369', 'sstigell4@go.com', '1997-03-15', '2008-04-27'),
	(156, 'Sid Kingstne', '23240 Forest Dale Road', '2332218413', 'skingstne5@unblog.fr', '1965-03-06', '2018-08-12'),
	(157, 'Amandy Abercrombie', '4 Dwight Junction', '8792009848', 'aabercrombie6@auda.org.au', '1996-08-10', '2012-11-18'),
	(158, 'Kellina Monkton', '1412 Del Mar Circle', '9982639226', 'kmonkton7@smh.com.au', '1966-10-30', '2016-07-20'),
	(159, 'Stan Llewellin', '05774 Veith Way', '8538876962', 'sllewellin8@prlog.org', '1971-06-20', '2005-06-02'),
	(160, 'Marten Milley', '4 Schmedeman Avenue', '1932687325', 'mmilley9@stumbleupon.com', '1989-02-27', '2018-06-10'),
	(161, 'Ermin Dalligan', '6 Ridge Oak Trail', '8488815671', 'edalligana@amazon.co.uk', '1985-12-22', '2016-09-11'),
	(162, 'Merrily Brooksby', '386 Lerdahl Junction', '6925033660', 'mbrooksbyb@opera.com', '1988-07-31', '2011-08-12'),
	(163, 'Ardyce Campagne', '7684 Brickson Park Crossing', '5715784397', 'acampagnec@imgur.com', '1972-12-23', '2015-03-15'),
	(164, 'Hermon Ioannidis', '523 Anhalt Junction', '7561212586', 'hioannidisd@tumblr.com', '1988-05-10', '2019-04-14'),
	(165, 'Yalonda Catterell', '2 Corscot Alley', '5057922840', 'ycatterelle@paypal.com', '1967-05-11', '2017-05-26'),
	(166, 'Hodge Tothe', '2621 Eastwood Plaza', '5983069357', 'htothef@admin.ch', '1983-10-01', '2013-09-19'),
	(167, 'Jere Beales', '2714 Fair Oaks Parkway', '2338138210', 'jbealesg@theatlantic.com', '1979-05-01', '2011-08-24'),
	(168, 'Daloris Dering', '0748 Onsgard Drive', '9718250442', 'dderingh@npr.org', '1992-07-22', '2018-09-11'),
	(169, 'Gerianne Kidstone', '324 Tony Pass', '5929045666', 'gkidstonei@ed.gov', '1995-10-13', '2007-08-29'),
	(170, 'Bobbie Jezard', '83 Vidon Junction', '5891205790', 'bjezardj@mlb.com', '1962-05-03', '2013-12-18'),
	(171, 'Margo Iddy', '2558 Dixon Terrace', '8776139514', 'middyk@google.co.uk', '1983-03-21', '2011-08-11'),
	(172, 'Lianne Chevalier', '70 3rd Terrace', '3698612557', 'lchevalierl@seesaa.net', '1994-03-20', '2012-10-20'),
	(173, 'Gianni Serridge', '63077 Judy Crossing', '2433024448', 'gserridgem@wufoo.com', '1999-08-22', '2014-10-12'),
	(174, 'Dag Takkos', '29070 Crownhardt Avenue', '1297886265', 'dtakkosn@biblegateway.com', '1979-02-18', '2019-03-26'),
	(175, 'Helge Downe', '0 Dennis Drive', '3405905839', 'hdowneo@baidu.com', '1979-03-07', '2008-10-22'),
	(176, 'Melisent Striker', '9093 Jackson Road', '9978948732', 'mstrikerp@alibaba.com', '1950-07-05', '2006-10-02'),
	(177, 'Onida Cholwell', '9383 Nobel Alley', '9579690325', 'ocholwellq@accuweather.com', '1996-11-15', '2006-06-27'),
	(178, 'Reinaldo Bishell', '01 Surrey Plaza', '3707247274', 'rbishellr@businessinsider.com', '1976-06-08', '2010-02-22'),
	(179, 'Merry Thirst', '968 Schurz Road', '7939004130', 'mthirsts@senate.gov', '1952-08-07', '2015-02-24'),
	(180, 'Emlynne Iddon', '9 Fulton Alley', '1416476455', 'eiddont@uol.com.br', '1967-08-16', '2016-11-23'),
	(181, 'Edythe Isac', '44591 Armistice Point', '4354275442', 'eisacu@constantcontact.com', '1967-02-18', '2014-09-10'),
	(182, 'Cozmo Jost', '40 Del Mar Point', '9175438095', 'cjostv@google.ru', '1994-08-21', '2009-10-21'),
	(183, 'Jethro Fradgley', '450 Oak Valley Court', '4423551769', 'jfradgleyw@wikimedia.org', '1958-01-08', '2005-10-10'),
	(184, 'Neddy Ruggs', '702 Drewry Terrace', '9723358444', 'nruggsx@ca.gov', '1993-10-14', '2012-08-24'),
	(185, 'Jeromy Spear', '9 Buell Terrace', '7508891154', 'jspeary@newyorker.com', '1952-07-03', '2006-07-20'),
	(186, 'Corena Baudy', '600 Bashford Hill', '9443393075', 'cbaudyz@pagesperso-orange.fr', '1969-08-29', '2012-12-04'),
	(187, 'Micheal Barnhart', '284 Burning Wood Point', '6171401183', 'mbarnhart10@flavors.me', '1971-03-30', '2013-07-06'),
	(188, 'Giovanna Newgrosh', '79 New Castle Street', '2521601623', 'gnewgrosh11@networksolutions.com', '1994-01-31', '2016-07-08'),
	(189, 'Augustine Bareham', '17 Dwight Hill', '9581025141', 'abareham12@shutterfly.com', '1992-12-16', '2009-06-03'),
	(190, 'Raddy Brasner', '61243 Del Mar Hill', '9658604003', 'rbrasner13@hud.gov', '1975-11-21', '2015-09-01'),
	(191, 'Arny Meldrum', '12001 Doe Crossing Place', '9258103804', 'ameldrum14@go.com', '1986-10-20', '2013-05-06'),
	(192, 'Leonerd Calcott', '3331 Spaight Avenue', '8307601550', 'lcalcott15@spotify.com', '1978-10-17', '2007-12-23'),
	(193, 'Ki Spellard', '657 Rutledge Avenue', '8692950503', 'kspellard16@tinypic.com', '1962-11-28', '2010-10-23'),
	(194, 'Roxi Clarae', '9 Nobel Terrace', '1866663200', 'rclarae17@bluehost.com', '1970-07-12', '2014-08-28'),
	(195, 'Ernaline Smithe', '797 Eagan Trail', '7144590047', 'esmithe18@newsvine.com', '1979-07-03', '2017-06-29'),
	(196, 'Eda Licciardo', '03 Meadow Ridge Circle', '9988844178', 'elicciardo19@buzzfeed.com', '1976-09-24', '2019-02-07'),
	(197, 'Paton Boteman', '23 Jana Terrace', '6144823421', 'pboteman1a@independent.co.uk', '1988-01-27', '2016-03-30'),
	(198, 'Audrie Shardlow', '04298 Parkside Lane', '9329730040', 'ashardlow1b@lulu.com', '1988-02-14', '2007-08-13'),
	(199, 'Ginnie Chavey', '05 Crescent Oaks Place', '9276901421', 'gchavey1c@elegantthemes.com', '1981-11-17', '2016-05-13'),
	(200, 'Jasper Hastelow', '09 Sunfield Park', '3103724564', 'jhastelow1d@ed.gov', '1959-12-07', '2014-09-03'),
	(101, 'Valma Compson', '1 David Avenue', '8985812223', 'vcompson0@google.co.uk', '1987-11-17', '2018-06-08'),
	(102, 'Clayborne Kincaid', '29016 Bultman Pass', '8077418418', 'ckincaid1@microsoft.com', '1953-07-19', '2017-05-24'),
	(103, 'Keriann Pawel', '1508 Lerdahl Junction', '7286381429', 'kpawel2@opensource.org', '1992-04-09', '2017-05-24'),
	(104, 'Marylou Tschirasche', '09059 Trailsway Alley', '6466169242', 'mtschirasche3@hostgator.com', '2000-03-28', '2018-06-04'),
	(105, 'Cathrin Daughtry', '41235 Lindbergh Point', '6099342569', 'cdaughtry4@upenn.edu', '1952-07-23', '2018-05-11'),
	(106, 'Floyd Faunt', '842 Utah Drive', '3865316134', 'ffaunt5@shop-pro.jp', '1970-03-23', '2017-05-26'),
	(107, 'Jorrie Day', '6 Waywood Center', '2969818901', 'jday6@mayoclinic.com', '1980-03-17', '2019-01-25'),
	(108, 'Hewett Getcliffe', '12 Northridge Street', '9888234331', 'hgetcliffe7@hud.gov', '1999-02-25', '2018-11-12'),
	(109, 'Wilton Salasar', '724 Welch Point', '6985485993', 'wsalasar8@naver.com', '1985-05-05', '2019-01-24'),
	(110, 'Dane Beet', '6961 Anthes Avenue', '9299487638', 'dbeet9@hubpages.com', '1981-03-30', '2018-05-30'),
	(111, 'Myrlene Ancliff', '9279 Dennis Court', '5955256328', 'mancliffa@bbb.org', '1953-09-24', '2018-11-17'),
	(112, 'Julietta McPherson', '19 Cordelia Parkway', '1263789317', 'jmcphersonb@ow.ly', '1981-12-17', '2019-03-26'),
	(113, 'Verla Hurburt', '737 Maple Wood Court', '6948724420', 'vhurburtc@cpanel.net', '1989-01-13', '2018-10-05'),
	(114, 'Jaclyn Leggis', '369 Knutson Point', '4774826675', 'jleggisd@deviantart.com', '1996-11-08', '2018-01-16'),
	(115, 'Vanny Dyer', '22721 Welch Plaza', '4543782689', 'vdyere@theatlantic.com', '1960-12-10', '2017-08-14'),
	(116, 'Grazia Tresvina', '3220 Hudson Crossing', '7149758960', 'gtresvinaf@instagram.com', '1991-11-03', '2018-07-05'),
	(117, 'Dayle Mowett', '5 Pankratz Plaza', '7491115457', 'dmowettg@bbb.org', '1974-09-08', '2018-05-11'),
	(118, 'Vance Gut', '39680 Farwell Trail', '4683904594', 'vguth@storify.com', '1953-08-04', '2017-07-12'),
	(119, 'Gilly Le Breton De La Vieuville', '6 Steensland Plaza', '6668499806', 'glei@reverbnation.com', '1993-07-09', '2019-02-27'),
	(120, 'Lyndsie Langshaw', '5 North Circle', '7072707717', 'llangshawj@slideshare.net', '1992-06-09', '2018-12-29'),
	(121, 'Dorette Gatchell', '280 Packers Way', '3598224408', 'dgatchellk@de.vu', '1975-03-01', '2017-07-14'),
	(122, 'Ainsley Kleinert', '79591 Linden Street', '5707554927', 'akleinertl@loc.gov', '1951-05-15', '2018-06-08'),
	(123, 'Chrissy Jansey', '1829 Mandrake Hill', '8374450587', 'cjanseym@wsj.com', '1983-02-12', '2018-07-05'),
	(124, 'Mellisa Tunsley', '51 Summit Street', '9456180798', 'mtunsleyn@google.fr', '1970-05-04', '2018-04-21'),
	(125, 'Aloysius Gouldeby', '18457 Loomis Park', '5807100889', 'agouldebyo@army.mil', '1955-11-10', '2018-07-30'),
	(126, 'Obadiah Mulvaney', '53544 School Pass', '2254726546', 'omulvaneyp@google.de', '1971-09-09', '2018-07-13'),
	(127, 'Lemuel Behnke', '91135 Buell Crossing', '3682005061', 'lbehnkeq@pinterest.com', '1967-11-11', '2018-09-19'),
	(128, 'Jobyna Lindhe', '8 Carberry Trail', '2745432096', 'jlindher@dell.com', '1977-02-20', '2018-09-29'),
	(129, 'Beniamino Frayling', '87 Rieder Park', '8898055750', 'bfraylings@unc.edu', '1973-04-08', '2018-04-12'),
	(130, 'Eolande Garn', '888 Lunder Parkway', '2713176962', 'egarnt@biblegateway.com', '1993-12-25', '2018-05-15'),
	(131, 'Elyssa Clavey', '38714 Raven Park', '4113145731', 'eclaveyu@comcast.net', '1954-06-29', '2018-12-27'),
	(132, 'Hamish Alban', '7 Mcbride Center', '1224003105', 'halbanv@sogou.com', '1954-03-10', '2017-11-30'),
	(133, 'Bren Coulling', '139 Mesta Pass', '8596704400', 'bcoullingw@telegraph.co.uk', '1984-01-04', '2018-07-27'),
	(134, 'Caitrin Trase', '4 Arrowood Circle', '9364039836', 'ctrasex@mlb.com', '1981-01-08', '2018-02-05'),
	(135, 'Xylia McCaughen', '7 Fallview Avenue', '8181872979', 'xmccaugheny@tripod.com', '1958-10-13', '2017-08-02'),
	(136, 'Monika Seys', '49146 Stephen Center', '8036411360', 'mseysz@ustream.tv', '1970-12-13', '2019-04-23'),
	(137, 'Dick Burnel', '92 Ludington Place', '7235449328', 'dburnel10@wikimedia.org', '1965-03-01', '2018-12-20'),
	(138, 'Jeanine Kershow', '4 Logan Pass', '6464143485', 'jkershow11@cdbaby.com', '1969-01-29', '2018-08-22'),
	(139, 'Marlon Antoons', '686 Forest Run Parkway', '2193990461', 'mantoons12@redcross.org', '1974-07-08', '2019-04-05'),
	(140, 'Alyss McReynolds', '41 Bunting Terrace', '1425248443', 'amcreynolds13@nifty.com', '1998-10-13', '2017-09-06'),
	(141, 'Twyla Everingham', '331 Dayton Alley', '3866359318', 'teveringham14@myspace.com', '1970-05-17', '2018-07-09'),
	(142, 'Antonino Coniam', '327 Farwell Avenue', '5855950414', 'aconiam15@typepad.com', '1996-11-29', '2019-02-14'),
	(143, 'Chilton Hilhouse', '6 Upham Junction', '4416092429', 'chilhouse16@timesonline.co.uk', '1984-05-22', '2018-05-23'),
	(144, 'Francklyn Lewendon', '06 Forster Parkway', '8646339632', 'flewendon17@imdb.com', '1987-11-14', '2018-12-21'),
	(145, 'Myranda McDavitt', '7390 Waxwing Center', '6358559281', 'mmcdavitt18@plala.or.jp', '1957-01-01', '2017-06-04'),
	(146, 'Tanya Drakes', '3 Dryden Way', '7098859216', 'tdrakes19@hp.com', '1967-05-17', '2017-11-28'),
	(147, 'Stacy Vargas', '45350 Roxbury Park', '1808146298', 'svargas1a@forbes.com', '1980-10-31', '2018-06-25'),
	(148, 'Wilma Duinbleton', '703 Sundown Center', '7318394194', 'wduinbleton1b@wired.com', '1981-08-07', '2019-04-15'),
	(149, 'Killie Kording', '3346 Utah Pass', '4748685725', 'kkording1c@goodreads.com', '1961-03-12', '2017-09-13'),
	(150, 'Gilligan Wisham', '70 Gina Plaza', '6199566973', 'gwisham1d@list-manage.com', '1972-09-06', '2017-09-07');

/* populate product table */
DELETE FROM rng.product;

INSERT INTO rng.product
VALUES
	(1, 'Beer - Heinekin', 1, 923, null, 2.24, 'nulla nisl nunc nisl', 'poultry'),
	(2, 'Oil - Safflower', 9, 916, 29, 92.9, 'nulla eget eros elementum pellentesque', 'alcohol'),
	(3, 'Longos - Burritos', 9, 751, 16, 84.03, 'in eleifend quam', 'poultry'),
	(4, 'Tequila Rose Cream Liquor', 3, 36, null, 14.19, 'ipsum dolor sit amet consectetuer', 'cheese'),
	(5, 'Sesame Seed Black', 8, 679, null, 88.91, 'consequat ut nulla sed accumsan', 'butter'),
	(6, 'Beef Wellington', 4, 519, 61, 45.75, 'quis orci', 'yogurt'),
	(7, 'Sprouts Dikon', 8, 855, null, 50.36, 'ac nulla sed vel enim', 'butter'),
	(8, 'Bread - Corn Muffaletta', 7, 358, null, 7.53, 'ut mauris', 'yogurt'),
	(9, 'Veal - Insides Provini', 6, 545, null, 41.42, 'felis sed lacus', 'seafood'),
	(10, 'Loquat', 1, 452, null, 25.23, 'lectus aliquam', 'seafood'),
	(11, 'Nantucket Cranberry Juice', 4, 80, null, 72.68, 'condimentum neque sapien placerat', 'poultry'),
	(12, 'Water - Perrier', 3, 27, 2, 50.26, 'tincidunt in', 'seafood'),
	(13, 'Cookies - Assorted', 4, 844, null, 20.31, 'curae duis faucibus accumsan odio', 'yogurt'),
	(14, 'Cake - Lemon Chiffon', 5, 587, 88, 2.48, 'ac neque duis', 'tea'),
	(15, 'Wine - Delicato Merlot', 3, 733, 57, 66.76, 'luctus ultricies eu nibh', 'tea'),
	(16, 'Bread - Onion Focaccia', 7, 974, null, 7.47, 'vel augue vestibulum rutrum rutrum', 'soft_drink'),
	(17, 'Mushroom - Chanterelle Frozen', 5, 427, null, 18.27, 'dolor sit', 'buffalo'),
	(18, 'Croissant, Raw - Mini', 8, 92, 15, 63.69, 'cras mi', 'butter'),
	(19, 'Lemonade - Mandarin, 591 Ml', 3, 934, 74, 8.53, 'odio cras mi pede malesuada', 'juice'),
	(20, 'Madeira', 8, 636, 12, 3.39, 'hac habitasse platea', 'buffalo'),
	(21, 'Longos - Grilled Salmon With Bbq', 4, 460, null, 34.53, 'porta volutpat quam pede lobortis', 'pork'),
	(22, 'Sauce - Demi Glace', 7, 502, 13, 22.57, 'habitasse platea dictumst', 'yogurt'),
	(23, 'Mushrooms - Honey', 1, 374, 56, 45.63, 'est congue elementum in hac', 'cheese'),
	(24, 'Wine - Red, Mouton Cadet', 4, 572, 58, 5.5, 'aliquam lacus morbi', 'seafood'),
	(25, 'Soup - Campbells Broccoli', 3, 757, 51, 16.85, 'tortor id nulla ultrices', 'poultry'),
	(26, 'Beer - Original Organic Lager', 1, 965, 30, 39.06, 'vestibulum ante', 'yogurt'),
	(27, 'Wine - Montecillo Rioja Crianza', 9, 206, null, 86.52, 'hac habitasse platea', 'soft_drink'),
	(28, 'Pop Shoppe Cream Soda', 1, 180, 9, 36.48, 'convallis eget eleifend luctus ultricies', 'poultry'),
	(29, 'Chocolate - Mi - Amere Semi', 4, 213, 43, 8.09, 'nullam molestie nibh in lectus', 'seafood'),
	(30, 'Mace', 4, 582, 41, 2.23, 'tortor duis mattis', 'cheese'),
	(31, 'Soup - Campbells Chili', 8, 824, 59, 79.68, 'libero non mattis pulvinar', 'cheese'),
	(32, 'Appetizer - Tarragon Chicken', 3, 290, null, 10.73, 'congue elementum in hac habitasse', 'alcohol'),
	(33, 'Beer - Muskoka Cream Ale', 10, 536, 33, 36.21, 'eget rutrum at lorem integer', 'juice'),
	(34, 'Tomatoes Tear Drop', 7, 465, null, 88.36, 'primis in faucibus', 'poultry'),
	(35, 'Wine - Periguita Fonseca', 2, 934, null, 93.45, 'nisl ut', 'poultry'),
	(36, 'Carbonated Water - Wildberry', 6, 902, null, 60.48, 'odio cras mi pede malesuada', 'butter'),
	(37, 'Beans - Butter Lrg Lima', 9, 902, 13, 72.95, 'sollicitudin mi', 'tea'),
	(38, 'Table Cloth 62x114 White', 5, 776, 89, 32.91, 'libero ut massa volutpat convallis', 'cream'),
	(39, 'Horseradish - Prepared', 3, 353, null, 2.34, 'at vulputate vitae nisl', 'seafood'),
	(40, 'Wine - Marlbourough Sauv Blanc', 4, 675, 68, 30.74, 'nunc proin at turpis', 'juice'),
	(41, 'Coffee Beans - Chocolate', 4, 378, 41, 9.14, 'vulputate vitae nisl', 'alcohol'),
	(42, 'Jack Daniels', 9, 425, 88, 88.93, 'at nunc', 'cream'),
	(43, 'Stainless Steel Cleaner Vision', 5, 279, 34, 47.03, 'sit amet eros suspendisse accumsan', 'buffalo'),
	(44, 'Cheese Cheddar Processed', 6, 473, 58, 29.84, 'quis justo maecenas', 'soft_drink'),
	(45, 'Irish Cream - Butterscotch', 1, 377, 92, 94.2, 'id justo sit amet sapien', 'beef'),
	(46, 'Bread - Pullman, Sliced', 9, 872, null, 71.51, 'suspendisse potenti in eleifend', 'juice'),
	(47, 'Beets - Mini Golden', 2, 69, null, 86.56, 'nisl ut volutpat sapien arcu', 'poultry'),
	(48, 'Pork - Butt, Boneless', 10, 643, 92, 19.58, 'auctor sed tristique in tempus', 'alcohol'),
	(49, 'Wine - Vidal Icewine Magnotta', 2, 750, null, 88.01, 'mattis nibh ligula', 'milk'),
	(50, 'Appetizer - Cheese Bites', 4, 485, 78, 75.04, 'proin at turpis', 'soft_drink'),
	(51, 'Longos - Cheese Tortellini', 3, 583, 73, 84.09, 'mauris enim leo rhoncus sed', 'milk'),
	(52, 'Bread - Italian Sesame Poly', 1, 898, null, 2.2, 'in lectus', 'tea'),
	(53, 'Toamtoes 6x7 Select', 6, 846, 75, 6.74, 'suscipit a feugiat et', 'poultry'),
	(54, 'Sea Bass - Whole', 7, 694, 74, 2.28, 'dapibus augue', 'cream'),
	(55, 'Truffle Shells - White Chocolate', 3, 660, null, 18.28, 'neque vestibulum eget vulputate', 'soft_drink'),
	(56, 'Bread - 10 Grain', 6, 217, null, 98.29, 'nisi vulputate', 'cheese'),
	(57, 'Salmon - Atlantic, Fresh, Whole', 5, 671, 8, 24.87, 'urna pretium nisl ut', 'juice'),
	(58, 'Okra', 9, 971, null, 16.56, 'curabitur at ipsum ac tellus', 'milk'),
	(59, 'Shortbread - Cookie Crumbs', 4, 942, 28, 25.0, 'in consequat', 'soft_drink'),
	(60, 'Stock - Veal, White', 4, 697, null, 24.67, 'ipsum praesent blandit', 'pork'),
	(241, 'Tofu Happy Bars', 5, 423, null, 15.05, 'majorum chorus verum', 'tofu'),
	(61, "Fancy Ketchup", 1, 500, 360, 2.23, "20 oz bottle", "Condiments"),
	(62, "Honey Mustard", 1, 500, 360, 3.24, "20 oz bottle", "Condiments"),
	(63, "Real Mayonnaise", 1, 500, 360, 1.94, "30 oz jar", "Condiments"),
	(64, "Steak Sauce", 1, 500, 360, 3.97, "10 oz bottle", "Condiments"),
	(65, "Ranch Salad Dressing", 1, 500, 360, 2.78, "16 oz bottle", "Dressing, Oil & Vinegar"),
	(66, "Vegatable Oil", 1, 500, 360, 1.87, "48 oz bottle", "Dressing, Oil & Vinegar"),
	(67, "White Vinegar", 1, 500, 360, 1.24, "16 oz bottle", "Dressing, Oil & Vinegar"),
	(68, "Itallian Dressing", 1, 500, 360, 1.94, "15 oz bottle", "Dressing, Oil & Vinegar"),
	(69, "Barbecue Sauce", 1, 500, 360, 2.00, "18 oz bottle", "Sauces & Marinades"),
	(70, "Sofrito", 1, 500, 360, 1.88, "12 oz sofrito", "Sauces & Marinades"),
	(71, "Rasberry Chipotle Marinade", 1, 500, 180, 3.48, "12 oz bottle", "Sauces & Marinades"),
	(72, "Mesquite Marinade", 1, 500, 180, 3.18, "12 oz bottle", "Sauces & Marinades"),
	(73, "Ground Black Pepper", 1, 250, 360, 3.12, "3 oz bottle", "Seasoning & Spices"),
	(74, "Seasoned Salt", 1, 250, 360, 1.46, "8 oz bottle", "Seasoning & Spices"),
	(75, "Steak Seasoning", 1, 500, 360, 1.88, "5.5 oz bottle", "Seasoning & Spices"),
	(76, "Taco Seasoning Mix", 1, 500, 360, 0.78, "1.25 oz bag", "Seasoning & Spices"),
	(77, "Salsa Verde", 1, 250, 1.97, 360, "16 oz bottle", "Salsa & Dips"),
	(78, "Picante Sauce", 1, 250, 360, 1.72, "16 oz bottle", "Salsa & Dips"),
	(79, "Fritos Bean Dip", 1, 250, 360, 2.98, "9 oz can", "Salsa & Dips"),
	(80, "Nacho Cheese Dip", 1, 250, 360, 3.98, "15 oz jar", "Salsa & Dips"),
	(81, "Honey Wheat Bread", 1, 500, 7, 1.07, "24 oz pkg sliced bread", "Bread"),
	(82, "Whole Wheat Bread", 1, 500, 7, 1.07, "24 oz pkg sliced bread", "Bread"),
	(83, "White Bread", 1, 500, 7, 1.48, "24 oz pkg sliced bread", "Bread"),
	(84, "12 Grain Bread", 1, 500, 7, 2.48, "24 oz pkg sliced bread", "Bread"),
	(85, "Hamburger Buns", 1, 500, 7, 1.78, "8 ct pkg", "Buns & Rolls"),
	(86, "Hotdog Buns", 1, 500, 7, 1.68, "8 ct pkg", "Buns & Rolls"),
	(87, "Hawaiian Sweet Rolls", 1, 500, 7, 3.28, "16 ct pkg", "Buns & Rolls"),
	(88, "Butter Dinner Rolls", 1, 500, 7, 3.28, "16 ct pkg", "Buns & Rolls"),
	(89, "Fresh Flour Tortillas", 1, 100, 3, 1.98, "20 ct pkg", "Tortillas"),
	(90, "Fresh Corn Tortillas", 1, 100, 3, 1.98, "20 ct pkg", "Tortillas"),
	(91, "Multi-Bran Tortillas", 1, 200, 3, 2.98, "10 ct pkg", "Tortillas"),
	(92, "Burrito Sytle Tortillas", 1, 100, 3, 1.88, "20 ct pkg", "Tortillas"),
	(93, "Stonefire Naan", 1, 300, 3, 2.46, "12 oz pkg", "Flatbread & Pitas"),
	(94, "Stoneire Garlic Naan", 1, 300, 3, 2.46, "12 oz pkg", "Flatbread & Pitas"),
	(95, "Plain Pita", 1, 30, 300, 2.48, "13 oz pkg", "Flatbread & Pitas"),
	(96, "Multigrain Pita", 1, 300, 3, 2.48, "13 oz pkg", "Flatbread & Pitas"),
	(97, "Donut", 1, 250, 2, 0.68, "fresh individual donut", "Baked Desserts"),
	(98, "Turnover", 1, 250, 2, 0.88, "fresh individual turnover in a variety of flavors", "Baked Desserts"),
	(99, "Pie", 1, 20, 2, 2.98, "8 in pie in a variety of flavors", "Baked Desserts"),
	(100, "Cheesecake", 1, 20, 2, 7.68, "8 in cheescake in a variety of flavors", "Baked Desserts"),
	(101, "Cake Mix", 1, 500, 360, 1.38, "16 oz box in variety of flavors", "Baking Mixes"),
	(102, "Brownie Mix", 1, 500, 360, 1.34, "18 oz box in variety of flavors", "Baking Mixes"),
	(103, "Muffin Mix", 1, 500, 360, .87, "7.4 oz bag in variety of flavors", "Baking Mixes"),
	(104, "Sweet Cornbread Mix", 1, 500, 360, .75, "7 oz bag", "Baking Mixes"),
	(105, "Baking Powder", 1, 500, 360, 1.78, "8 oz container", "Baking Ingredients"),
	(106, "Baking Soda", 1, 500, 360, .63, "8 oz box", "Baking Ingredients"),
	(107, "Granulated Sugar", 1, 500, 360, 1.96, "4 lb bag", "Baking Ingredients"),
	(108, "All Purpose Flour", 1, 500, 360, 2.55, "5 lb bag", "Baking Ingredients"),
	(109, "Creamy Frosting", 1, 500, 360, 1.50, "12 oz container in variety of flavors", "Baking Ingredients"),
	(110, "Brown Sugar", 1, 500, 360, 2.98, "4 lb bag", "Baking Ingredients"),
	(111, "Vanilla Extract", 1, 250, 360, 4.72, "1 oz bottle", "Baking Ingredients"),
	(112, "Chocolate Morsels", 1, 500, 360, 2.64, "11.5 oz bag", "Baking Ingredients"),
	(113, "Pure Honey", 1, 250, 360, 8.95, "24 oz bottle", "Honey & Syrup"),
	(114, "Raw Honey", 1, 250, 360, 6.96, "12 oz jar", "Honey & Syrup"),
	(115, "Butter Rich Syrup", 1, 500, 360, 2.50, "24 oz bottle", "Honey & Syrup"),
	(116, "Original Syrup", 1, 500, 360, 2.50, "24 oz bottle", "Honey & Syrup"),
	(117, "Strawberry Jam", 1, 500, 360, 2.37, "15. oz jar", "Jams & Spreads"),
	(118, "Grape Jelly", 1, 500, 360, 1.37, "15.5 oz jar", "Jams & Spreads"),
	(119, "4 Berry Fruit Spread", 1, 500, 360, 2.68, "15.5 oz jar", "Jams & Spreads"),
	(120, "Apricot Fruit Spread", 1, 500, 360, 2.68, "15.5 oz jar", "Jams & Spreads"),
	('121', 'garnola bar', '10', '20', '365', '1.99', 'mixer of nuts, oats, dried fruit', 'Breakfast Bars'),
	('122', 'protien bar', '10', '20', '365', '2.50', 'above 20g of protien', 'Breakfast Bars'),
	('123', 'organic bar', '10', '20', '180', '2.99', 'made from organic nuts,seed, fruit', 'Breakfast Bars'),
	('124', 'low calorie bar', '10', '20', '365', '1.99', 'under 100 calories', 'Breakfast Bars'),
	('125', 'raisins', '10', '20', '365', '1.99', 'dried grapes', 'Breakfast Snacks'),
	('126', 'popcorn', '10', '20', '265', '1.00', 'corn kernels', 'Breakfast Snacks'),
	('127', 'rice treats', '10', '20', '365', '2.99', 'made from popped rice or rice flour', 'Breakfast Snacks'),
	('128', 'fruit leather', '50', '20', '365', '1.00', 'pressed pureed fruit', 'Breakfast Snacks'),
	('129', 'Coffee Grounds', '20', '50', '365', '7.99', 'grounded fine or coarse coffee bean', 'Coffee Beans/Ground'),
	('130', 'Coffee Beans', '20', '50', '365', '9.99', 'whole coffee bean', 'Coffee Beans/Ground'),
	('131', 'Instant Coffee', '20', '50', '365', '8.99', 'magical coffee', 'Coffee Beans/Ground'),
	('132', 'Coffee Pods', '6', '100', '365', '7.99', 'k-cups or nespresso', 'Coffee Beans/Ground'),
	('133', 'Steel Cut Oatmeal', '10', '30', '365', '4.99', 'Steel Cut Oats', 'Oatmeal'),
	('134', 'Rolled Oatmeal', '10', '30', '365', '2.50', 'Rolled Oats', 'Oatmeal'),
	('135', 'Flavored Oatmeal', '10', '30', '365', '2.99', 'maple, cinnamom, blueberry oatmeal', 'Oatmeal'),
	('136', 'Organic Oatmeal', '10', '30', '365', '3.99', 'made from organic oats', 'Oatmeal'),
	('137', 'Zodiac Killer', '16', '50', '365', '2.99', 'Unsolved Cereal', 'Cereal'),
	('138', 'Ted Bundy', '30', '20', '365', '2.99', 'Not for the faint of heart ', 'Cereal'),
	('139', 'Jack the Ripper', '10', '100', '365', '2.99', 'Low Calorie Cereal', 'Cereal'),
	('140', 'John Wayne Gacy', '15', '50', '365', '2.99', 'Keep Away from Children Cereal', 'Cereal'),
	('141', 'Orange', '100', '20', '14', '1.99', 'Citrus ', 'Fruits'),
	('142', 'Apple', '100', '20', '14', '1.99', 'Apple a Day', 'Fruits'),
	('143', 'Banana', '100', '20', '14', '.50', 'Monkeys love them', 'Fruits'),
	('144', 'Watermelon', '100', '10', '14', '4.99', 'Great to blow up', 'Fruits'),
	('145', 'Spring Mix', '6', '30', '14', '7.99', 'arugula, dandelion, frisée, oak leaf, endive and sorrel', 'Salad'),
	('146', 'Baby Spinach', '6', '30', '14', '8.99', 'offspring of Spinach', 'Salad'),
	('147', 'Romaine', '6', '30', '14', '6.99', 'Cesaer Salad', 'Salad'),
	('148', 'Greek Mix', '6', '30', '14', '7.99', 'Salad from Greece', 'Salad'),
	('149', 'Onion', '100', '10', '14', '.50', 'Makes you cry', 'Vegatables'),
	('150', 'Broccoli', '100', '10', '14', '1.00', 'Kids hate them', 'Vegatables'),
	('151', 'Asparagus', '100', '10', '14', '2.99', 'a tall plant of the lily family ', 'Vegatables'),
	('152', 'Artichoke', '100', '10', '14', '2.99', 'a European plant resembling a thistle', 'Vegatables'),
	('153', 'Sweet Potatoe', '100', '10', '30', '1.99', 'Sweeter than other potatoes', 'Potatoes'),
	('154', 'Yukon Gold', '100', '10', '30', '1.99', 'Great for Mash Potatoes', 'Potatoes'),
	('155', 'Russet', '100', '10', '30', '1.99', 'Great for Baked Potatoes', 'Potatoes'),
	('156', 'Red Potatoes', '100', '10', '30', '1.99', 'Embrassed Potatoe', 'Potatoes'),
	('157', 'Sunflower Seeds', '20', '100', '365', '1.99', 'Baseball player snack', 'Nuts & Seeds'),
	('158', 'Almonds', '20', '100', '365', '4.99', 'oval edible nutlike seed (kernel) of the almond tree', 'Nuts & Seeds'),
	('159', 'Peanuts', '20', '100', '365', '2.99', 'veratile nut', 'Nuts & Seeds'),
	('160', 'Cashews', '20', '100', '365', '4.99', 'an edible kidney-shaped nut', 'Nuts & Seeds'),
	('161', 'Meatballs', '20', '50', '270', '9.99', 'Like Mama use to make', 'Prepared & Frozen Meat'),
	('162', 'Frozen Shrimp', '20', '50', '270', '14.99', 'Frozen EZ peel Shrimp', 'Prepared & Frozen Meat'),
	('163', 'Frozen Fish', '20', '50', '270', '10.99', 'Frozen Filletted Fish', 'Prepared & Frozen Meat'),
	('164', 'Chicken Nuggets', '20', '50', '270', '8.99', 'nuggets of chicken', 'Prepared & Frozen Meat'),
	('165', 'Frozen Strawberries', '50', '20', '180', '7.99', 'Artic Strawberries', 'Frozen Fruits & Frozen Vegetables'),
	('166', 'Frozen Peas', '50', '20', '180', '1.50', 'good for swelling ', 'Frozen Fruits & Frozen Vegetables'),
	('167', 'Frozen Carrots', '50', '20', '180', '1.50', 'chopped carrots frozen', 'Frozen Fruits & Frozen Vegetables'),
	('168', 'Frozen Mangos', '50', '20', '180', '7.99', 'Chilly Mangos', 'Frozen Fruits & Frozen Vegetables'),
	('169', 'Frozen Pies', '10', '50', '60', '6.99', 'yummy', 'Ice Cream & Frozen Desserts'),
	('170', 'Rocky Road', '30', '50', '90', '4.99', 'chocolate ice cream, almonds, marshmallows', 'Ice Cream & Frozen Desserts'),
	('171', 'Sorbet', '30', '50', '90', '3.99', 'alternative to ice cream', 'Ice Cream & Frozen Desserts'),
	('172', 'Ice Cream Bars', '8', '120', '90', '2.99', 'ice cream on a stick', 'Ice Cream & Frozen Desserts'),
	('173', 'Frozen Grape Juice', '20', '30', '90', '1.99', 'Frozen Grape Juice', 'Frozen Juice'),
	('174', 'Frozen Orange Juice', '20', '30', '90', '1.99', 'Frozen Orange Juice', 'Frozen Juice'),
	('175', 'Frozen Fruit Punch', '20', '30', '90', '1.99', 'Frozen Fruit Punch', 'Frozen Juice'),
	('176', 'Frozen Pineapple Juice', '20', '30', '90', '1.99', 'Frozen Pineapple Juice', 'Frozen Juice'),
	('177', 'TV Dinners', '20', '40', '60', '3.99', 'prepared microwave dinners', 'Frozen Appetizers & Frozen Meals'),
	('178', 'Frozen Lasagna', '20', '40', '60', '4.99', 'meat, cheese, pasta goodness', 'Frozen Appetizers & Frozen Meals'),
	('179', 'Bertolli Pasta Dinner', '20', '40', '60', '6.99', 'prepared pasta dish', 'Frozen Appetizers & Frozen Meals'),
	('180', 'Healthy Choice', '20', '40', '60', '3.99', 'healthier alternative dinner', 'Frozen Appetizers & Frozen Meals');

insert into rng.product
	(product_id, description, number_of_items, product_name, price, quantity, shelf_life, category_fk)
values
	(181, 'Soup - Campbells', 56, 'Table Cloth 54x72 Colour', 16.38, 804, 39, 'cookie');
insert into rng.product
	(product_id, description, number_of_items, product_name, price, quantity, shelf_life, category_fk)
values
	(182, 'Olives - Black, Pitted', 80, 'Wine La Vielle Ferme Cote Du', 90.32, 353, 30, 'cookie');
insert into rng.product
	(product_id, description, number_of_items, product_name, price, quantity, shelf_life, category_fk)
values
	(183, 'Lettuce - Lambs Mash', 70, 'Hummus - Spread', 23.85, 84, 11, 'cookie');
insert into rng.product
	(product_id, description, number_of_items, product_name, price, quantity, shelf_life, category_fk)
values
	(184, 'sandwich bread - Mini Hamburger Bun', 83, 'Lettuce - Boston Bib', 71.07, 197, 96, 'cookie');
insert into rng.product
	(product_id, description, number_of_items, product_name, price, quantity, shelf_life, category_fk)
values
	(185, 'Curry Paste - Green Masala', 79, 'Cape Capensis - Fillet', 65.2, 648, 7, 'cookie');
insert into rng.product
	(product_id, description, number_of_items, product_name, price, quantity, shelf_life, category_fk)
values
	(186, 'Port - 74 Brights', 80, 'Cocoa Feuilletine', 63.23, 914, 28, 'sandwich bread');
insert into rng.product
	(product_id, description, number_of_items, product_name, price, quantity, shelf_life, category_fk)
values
	(187, 'Chicken - Diced, Cooked', 65, 'Dehydrated Kelp Kombo', 65.8, 927, 29, 'sandwich bread');
insert into rng.product
	(product_id, description, number_of_items, product_name, price, quantity, shelf_life, category_fk)
values
	(188, 'Mushrooms - Black, Dried', 39, 'Vinegar - Red Wine', 25.77, 886, 50, 'sandwich bread');
insert into rng.product
	(product_id, description, number_of_items, product_name, price, quantity, shelf_life, category_fk)
values
	(189, 'Tomato - Plum With Basil', 80, 'Juice - Orange, 341 Ml', 76.5, 407, 69, 'sandwich bread');
insert into rng.product
	(product_id, description, number_of_items, product_name, price, quantity, shelf_life, category_fk)
values
	(190, 'Glass - Wine, Plastic, Clear 5 Oz', 69, 'Wine - Duboeuf Beaujolais', 33.83, 414, 73, 'garlic knots');
insert into rng.product
	(product_id, description, number_of_items, product_name, price, quantity, shelf_life, category_fk)
values
	(191, 'Jam - Marmalade, Orange', 53, 'Cookie Dough - Chocolate Chip', 76.62, 85, 1, 'garlic knots');
insert into rng.product
	(product_id, description, number_of_items, product_name, price, quantity, shelf_life, category_fk)
values
	(192, 'Bar - Granola Trail Mix Fruit Nut', 94, 'Bowl 12 Oz - Showcase 92012', 44.46, 394, 11, 'garlic knots');
insert into rng.product
	(product_id, description, number_of_items, product_name, price, quantity, shelf_life, category_fk)
values
	(193, 'Marsala - Sperone, Fine, D.o.c.', 67, 'Gatorade - Fruit Punch', 80.56, 677, 43, 'garlic knots');
insert into rng.product
	(product_id, description, number_of_items, product_name, price, quantity, shelf_life, category_fk)
values
	(194, 'Towel - Roll White', 23, 'Sauce - Black Current, Dry Mix', 33.64, 346, 52, 'croissant');
insert into rng.product
	(product_id, description, number_of_items, product_name, price, quantity, shelf_life, category_fk)
values
	(195, 'Tea - Earl Grey', 73, 'Trout - Smoked', 52.34, 848, 37, 'croissant');
insert into rng.product
	(product_id, description, number_of_items, product_name, price, quantity, shelf_life, category_fk)
values
	(196, 'Squid U5 - Thailand', 94, 'Stock - Beef, Brown', 10.38, 251, 69, 'croissant');
insert into rng.product
	(product_id, description, number_of_items, product_name, price, quantity, shelf_life, category_fk)
values
	(197, 'Onions - White', 8, 'Cheese - Sheep Milk', 66.48, 923, 82, 'croissant');
insert into rng.product
	(product_id, description, number_of_items, product_name, price, quantity, shelf_life, category_fk)
values
	(198, 'Muffin - Mix - Bran And Maple 15l', 92, 'Tomatoes - Hot House', 24.72, 999, 92, 'pie');
insert into rng.product
	(product_id, description, number_of_items, product_name, price, quantity, shelf_life, category_fk)
values
	(199, 'Flour - Buckwheat, Dark', 63, 'sandwich bread - Dark Rye, Loaf', 42.79, 472, 54, 'pie');
insert into rng.product
	(product_id, description, number_of_items, product_name, price, quantity, shelf_life, category_fk)
values
	(200, 'Tea - Herbal Sweet Dreams', 20, 'Onions - Cooking', 50.0, 590, 55, 'pie');
insert into rng.product
	(product_id, description, number_of_items, product_name, price, quantity, shelf_life, category_fk)
values
	(201, 'Coffee - Decaffeinato Coffee', 43, 'Horseradish - Prepared', 33.12, 53, 20, 'pie');
insert into rng.product
	(product_id, description, number_of_items, product_name, price, quantity, shelf_life, category_fk)
values
	(202, 'Kale - Red', 22, 'Longos - Penne With Pesto', 93.65, 204, 30, 'apple');
insert into rng.product
	(product_id, description, number_of_items, product_name, price, quantity, shelf_life, category_fk)
values
	(203, 'sandwich bread Crumbs - Panko', 26, 'Muffin Mix - Raisin Bran', 34.96, 751, 17, 'apple');
insert into rng.product
	(product_id, description, number_of_items, product_name, price, quantity, shelf_life, category_fk)
values
	(204, 'Compound - Rum', 30, 'Browning Caramel Glace', 1.69, 913, 25, 'apple');
insert into rng.product
	(product_id, description, number_of_items, product_name, price, quantity, shelf_life, category_fk)
values
	(205, 'Garbag Bags - Black', 83, 'Praline Paste', 1.97, 888, 50, 'apple');
insert into rng.product
	(product_id, description, number_of_items, product_name, price, quantity, shelf_life, category_fk)
values
	(206, 'Milk - Chocolate 250 Ml', 64, 'Chicken - White Meat, No Tender', 98.17, 916, 37, 'banana');
insert into rng.product
	(product_id, description, number_of_items, product_name, price, quantity, shelf_life, category_fk)
values
	(207, 'Sauce - Plum', 47, 'Sandwich Wrap', 78.32, 86, 45, 'banana');
insert into rng.product
	(product_id, description, number_of_items, product_name, price, quantity, shelf_life, category_fk)
values
	(208, 'Vinegar - Sherry', 63, 'Wine - Red, Gallo, Merlot', 10.93, 176, 28, 'banana');
insert into rng.product
	(product_id, description, number_of_items, product_name, price, quantity, shelf_life, category_fk)
values
	(209, 'sandwich bread - White Mini Epi', 75, 'Pasta - Rotini, Colour, Dry', 59.91, 656, 45, 'banana');
insert into rng.product
	(product_id, description, number_of_items, product_name, price, quantity, shelf_life, category_fk)
values
	(210, 'Tray - Foam, Square 4 - S', 60, 'Wine - Redchard Merritt', 1.24, 274, 48, 'orange');
insert into rng.product
	(product_id, description, number_of_items, product_name, price, quantity, shelf_life, category_fk)
values
	(211, 'Lamb - Loin Chops', 4, 'Pastry - Apple Muffins - Mini', 34.31, 748, 52, 'orange');
insert into rng.product
	(product_id, description, number_of_items, product_name, price, quantity, shelf_life, category_fk)
values
	(212, 'Devonshire Cream', 17, 'Scallops - 20/30', 83.05, 728, 78, 'orange');
insert into rng.product
	(product_id, description, number_of_items, product_name, price, quantity, shelf_life, category_fk)
values
	(213, 'Trueblue - Blueberry 12x473ml', 43, 'Pepper - Jalapeno', 75.2, 961, 72, 'orange');
insert into rng.product
	(product_id, description, number_of_items, product_name, price, quantity, shelf_life, category_fk)
values
	(214, 'Mop Head - Cotton, 24 Oz', 22, 'Potatoes - Instant, Mashed', 17.7, 635, 89, 'grapes');
insert into rng.product
	(product_id, description, number_of_items, product_name, price, quantity, shelf_life, category_fk)
values
	(215, 'Wine - White, Lindemans Bin 95', 7, 'Garam Masala Powder', 67.08, 959, 11, 'grapes');
insert into rng.product
	(product_id, description, number_of_items, product_name, price, quantity, shelf_life, category_fk)
values
	(216, 'Cheese - Camembert', 19, 'Lumpfish Black', 95.12, 258, 20, 'grapes');
insert into rng.product
	(product_id, description, number_of_items, product_name, price, quantity, shelf_life, category_fk)
values
	(217, 'Wine - Sauvignon Blanc Oyster', 14, 'Sugar - White Packet', 60.94, 792, 58, 'grapes');
insert into rng.product
	(product_id, description, number_of_items, product_name, price, quantity, shelf_life, category_fk)
values
	(218, 'Baking Soda', 48, 'Soup - Campbells Asian Noodle', 20.75, 150, 6, 'strawberry');
insert into rng.product
	(product_id, description, number_of_items, product_name, price, quantity, shelf_life, category_fk)
values
	(219, 'Nestea - Ice Tea, Diet', 78, 'Extract - Vanilla,artificial', 51.85, 510, 86, 'strawberry');
insert into rng.product
	(product_id, description, number_of_items, product_name, price, quantity, shelf_life, category_fk)
values
	(220, 'Propel Sport Drink', 63, 'Pepper - Cubanelle', 75.62, 972, 79, 'strawberry');
insert into rng.product
	(product_id, description, number_of_items, product_name, price, quantity, shelf_life, category_fk)
values
	(221, 'Canadian Emmenthal', 23, 'Sprouts - Pea', 2.99, 99, 23, 'strawberry');
insert into rng.product
	(product_id, description, number_of_items, product_name, price, quantity, shelf_life, category_fk)
values
	(222, 'Soup - Knorr, Ministrone', 3, 'Drambuie', 24.41, 478, 64, 'deodorant');
insert into rng.product
	(product_id, description, number_of_items, product_name, price, quantity, shelf_life, category_fk)
values
	(223, 'Ginger - Ground', 86, 'Higashimaru Usukuchi Soy', 95.71, 334, 20, 'deodorant');
insert into rng.product
	(product_id, description, number_of_items, product_name, price, quantity, shelf_life, category_fk)
values
	(224, 'Juice - Cranberry 284ml', 80, 'Sage - Fresh', 1.33, 537, 85, 'deodorant');
insert into rng.product
	(product_id, description, number_of_items, product_name, price, quantity, shelf_life, category_fk)
values
	(225, 'Chocolate Bar - Coffee Crisp', 1, 'Broom - Push', 11.41, 43, 92, 'deodorant');
insert into rng.product
	(product_id, description, number_of_items, product_name, price, quantity, shelf_life, category_fk)
values
	(226, 'Appetizer - Assorted Box', 15, 'Pur Source', 78.71, 718, 47, 'toothpaste');
insert into rng.product
	(product_id, description, number_of_items, product_name, price, quantity, shelf_life, category_fk)
values
	(227, 'Artichoke - Hearts, Canned', 18, 'Cornflakes', 35.86, 332, 33, 'toothpaste');
insert into rng.product
	(product_id, description, number_of_items, product_name, price, quantity, shelf_life, category_fk)
values
	(228, 'Mushroom - Chantrelle, Fresh', 32, 'Ham - Black Forest', 41.06, 94, 67, 'toothpaste');
insert into rng.product
	(product_id, description, number_of_items, product_name, price, quantity, shelf_life, category_fk)
values
	(229, 'Flour - All Purpose', 38, 'Butter Sweet', 56.05, 664, 29, 'toothpaste');
insert into rng.product
	(product_id, description, number_of_items, product_name, price, quantity, shelf_life, category_fk)
values
	(230, 'Burger Veggie', 31, 'Pepper - Sorrano', 77.4, 870, 43, 'sunscreen');
insert into rng.product
	(product_id, description, number_of_items, product_name, price, quantity, shelf_life, category_fk)
values
	(231, 'Dill Weed - Fresh', 31, 'Bag Clear 10 Lb', 80.19, 64, 41, 'sunscreen');
insert into rng.product
	(product_id, description, number_of_items, product_name, price, quantity, shelf_life, category_fk)
values
	(232, 'Raisin - Dark', 65, 'Wine - Duboeuf Beaujolais', 28.05, 885, 96, 'sunscreen');
insert into rng.product
	(product_id, description, number_of_items, product_name, price, quantity, shelf_life, category_fk)
values
	(233, 'Syrup - Monin - Blue Curacao', 26, 'Cheese Cheddar Processed', 67.41, 729, 45, 'sunscreen');
insert into rng.product
	(product_id, description, number_of_items, product_name, price, quantity, shelf_life, category_fk)
values
	(234, 'Lettuce - Boston Bib - Organic', 18, 'sandwich bread - Crumbs, Bulk', 70.61, 356, 80, 'mouthwash');
insert into rng.product
	(product_id, description, number_of_items, product_name, price, quantity, shelf_life, category_fk)
values
	(235, 'Juice - Clamato, 341 Ml', 32, 'Ecolab - Ster Bac', 62.78, 452, 12, 'mouthwash');
insert into rng.product
	(product_id, description, number_of_items, product_name, price, quantity, shelf_life, category_fk)
values
	(236, 'Tomato - Green', 10, 'Dried Cherries', 33.38, 373, 62, 'mouthwash');
insert into rng.product
	(product_id, description, number_of_items, product_name, price, quantity, shelf_life, category_fk)
values
	(237, 'Kellogs Special K Cereal', 14, 'Muffin Mix - Blueberry', 11.74, 680, 74, 'mouthwash');
insert into rng.product
	(product_id, description, number_of_items, product_name, price, quantity, shelf_life, category_fk)
values
	(238, 'Island Oasis - Mango Daiquiri', 35, 'Cocoa Powder - Natural', 86.08, 965, 24, 'shampoo');
insert into rng.product
	(product_id, description, number_of_items, product_name, price, quantity, shelf_life, category_fk)
values
	(239, 'Muffin Puck Ww Carrot', 81, 'Turkey - Oven Roast Breast', 71.65, 447, 71, 'shampoo');
insert into rng.product
	(product_id, description, number_of_items, product_name, price, quantity, shelf_life, category_fk)
values
	(240, 'Steampan Lid', 66, 'Food Colouring - Blue', 39.5, 528, 23, 'shampoo');

/* populate buys table */
DELETE FROM rng.buys;

INSERT INTO rng.buys
VALUES
	(1, 1),
	(2, 2),
	(3, 3),
	(4, 4),
	(5, 5),
	(6, 6),
	(7, 7),
	(8, 8),
	(9, 9),
	(10, 10),
	(11, 11),
	(12, 12),
	(13, 13),
	(14, 14),
	(15, 15),
	(16, 16),
	(17, 17),
	(18, 18),
	(19, 19),
	(20, 20),
	(21, 21),
	(22, 22),
	(23, 23),
	(24, 24),
	(25, 25),
	(26, 26),
	(27, 27),
	(28, 28),
	(29, 29),
	(30, 30),
	(31, 31),
	(32, 32),
	(33, 33),
	(34, 34),
	(35, 35),
	(36, 36),
	(37, 37),
	(38, 38),
	(39, 39),
	(40, 40),
	(41, 41),
	(42, 42),
	(43, 43),
	(44, 44),
	(45, 45),
	(46, 46),
	(47, 47),
	(48, 48),
	(49, 49),
	(50, 50),
	(1, 151),
	(2, 152),
	(3, 153),
	(4, 154),
	(5, 155),
	(6, 156),
	(7, 157),
	(8, 158),
	(9, 159),
	(10, 160),
	(11, 161),
	(12, 162),
	(13, 163),
	(14, 164),
	(15, 165),
	(16, 166),
	(17, 167),
	(18, 168),
	(19, 169),
	(20, 170),
	(21, 171),
	(22, 172),
	(23, 173),
	(24, 174),
	(25, 175),
	(26, 176),
	(27, 177),
	(28, 178),
	(29, 179),
	(30, 180),
	(31, 181),
	(32, 182),
	(33, 183),
	(34, 184),
	(35, 185),
	(36, 186),
	(37, 187),
	(38, 188),
	(39, 189),
	(40, 190),
	(41, 191),
	(42, 192),
	(43, 193),
	(44, 194),
	(45, 195),
	(46, 196),
	(47, 197),
	(48, 198),
	(49, 199),
	(50, 200),
	(51, 66),
	(51, 107),
	(51, 119),
	(51, 116),
	(51, 70),
	(51, 106),
	(51, 91),
	(52, 85),
	(52, 88),
	(52, 76),
	(53, 64),
	(54, 85),
	(55, 95),
	(55, 80),
	(56, 114),
	(56, 116),
	(56, 103),
	(56, 79),
	(56, 78),
	(56, 119),
	(56, 101),
	(56, 108),
	(56, 71),
	(57, 98),
	(58, 114),
	(58, 64),
	(58, 83),
	(58, 77),
	(59, 103),
	(59, 82),
	(59, 104),
	(59, 68),
	(59, 119),
	(59, 95),
	(59, 79),
	(60, 104),
	(60, 105),
	(60, 108),
	(60, 109),
	(61, 90),
	(61, 63),
	(61, 84),
	(61, 62),
	(61, 69),
	(61, 75),
	(62, 102),
	(62, 85),
	(62, 61),
	(63, 97),
	(64, 114),
	(64, 76),
	(64, 69),
	(64, 61),
	(64, 89),
	(64, 100),
	(65, 62),
	(65, 95),
	(65, 96),
	(65, 87),
	(65, 107),
	(65, 89),
	(65, 120),
	(66, 91),
	(67, 64),
	(67, 76),
	(67, 98),
	(67, 111),
	(68, 109),
	(68, 68),
	(69, 71),
	(69, 108),
	(69, 74),
	(69, 116),
	(69, 69),
	(69, 62),
	(69, 70),
	(70, 115),
	(70, 99),
	(70, 62),
	(70, 72),
	(70, 89),
	(70, 87),
	(70, 113),
	(70, 86),
	(71, 102),
	(72, 110),
	(72, 117),
	(72, 67),
	(72, 107),
	(72, 73),
	(73, 88),
	(73, 110),
	(73, 74),
	(73, 76),
	(73, 68),
	(74, 73),
	(74, 108),
	(74, 88),
	(75, 75),
	(75, 83),
	(75, 72),
	(75, 73),
	(75, 89),
	(75, 74),
	(75, 94),
	(76, 85),
	(76, 102),
	(77, 106),
	(77, 83),
	(77, 99),
	(77, 87),
	(78, 94),
	(78, 75),
	(78, 86),
	(78, 116),
	(78, 112),
	(78, 119),
	(78, 73),
	(78, 72),
	(78, 68),
	(78, 106),
	(79, 92),
	(79, 61),
	(79, 117),
	(79, 84),
	(80, 96),
	(80, 79),
	(80, 78),
	(80, 106),
	(80, 103),
	(81, 117),
	(81, 107),
	(82, 96),
	(82, 98),
	(82, 78),
	(83, 115),
	(83, 77),
	(83, 62),
	(84, 115),
	(85, 70),
	(85, 74),
	(85, 75),
	(85, 68),
	(85, 115),
	(85, 110),
	(85, 83),
	(85, 105),
	(86, 117),
	(86, 100),
	(86, 65),
	(86, 73),
	(87, 107),
	(87, 77),
	(87, 114),
	(87, 80),
	(87, 92),
	(88, 103),
	(88, 63),
	(88, 105),
	(89, 109),
	(89, 106),
	(89, 120),
	(89, 93),
	(89, 65),
	(89, 115),
	(89, 72),
	(89, 99),
	(89, 68),
	(89, 94),
	(90, 89),
	(90, 108),
	(90, 90),
	(90, 63),
	(90, 78),
	(91, 119),
	(91, 90),
	(91, 67),
	(91, 112),
	(91, 87),
	(91, 104),
	(92, 84),
	(92, 114),
	(92, 120),
	(92, 115),
	(92, 69),
	(92, 116),
	(92, 88),
	(92, 74),
	(93, 94),
	(93, 75),
	(93, 63),
	(93, 81),
	(93, 62),
	(93, 85),
	(93, 96),
	(93, 115),
	(94, 111),
	(94, 86),
	(94, 108),
	(94, 75),
	(94, 103),
	(94, 97),
	(94, 69),
	(94, 92),
	(94, 62),
	(94, 91),
	(95, 114),
	(95, 80),
	(95, 94),
	(95, 120),
	(95, 67),
	(95, 90),
	(96, 120),
	(96, 116),
	(96, 74),
	(96, 62),
	(96, 65),
	(97, 62),
	(97, 112),
	(97, 92),
	(97, 117),
	(97, 79),
	(97, 70),
	(98, 103),
	(98, 75),
	(98, 87),
	(98, 79),
	(98, 80),
	(98, 66),
	(98, 109),
	(99, 61),
	(99, 84),
	(99, 78),
	(99, 88),
	(99, 109),
	(99, 75),
	(99, 86),
	(100, 101),
	(100, 78),
	(100, 108),
	(100, 115),
	(100, 76),
	(100, 112),
	(100, 95),
	(151, 181),
	(152, 182),
	(153, 183),
	(154, 184),
	(155, 185),
	(156, 186),
	(157, 187),
	(158, 188),
	(159, 189),
	(160, 190),
	(161, 191),
	(162, 192),
	(163, 193),
	(164, 194),
	(165, 195),
	(166, 196),
	(167, 197),
	(168, 198),
	(169, 199),
	(170, 200),
	(171, 201),
	(172, 202),
	(173, 203),
	(174, 204),
	(175, 205),
	(176, 206),
	(177, 207),
	(178, 208),
	(179, 209),
	(180, 210),
	(181, 211),
	(182, 212),
	(183, 213),
	(184, 214),
	(185, 215),
	(186, 216),
	(187, 217),
	(188, 218),
	(189, 219),
	(190, 220),
	(191, 221),
	(192, 222),
	(193, 223),
	(194, 224),
	(195, 225),
	(196, 226),
	(197, 227),
	(198, 228),
	(199, 229),
	(147, 159),
	(137, 150),
	(133, 143),
	(127, 162),
	(104, 141),
	(104, 140),
	(150, 127),
	(105, 167),
	(118, 125),
	(148, 141),
	(142, 173),
	(133, 175),
	(150, 162),
	(144, 155),
	(142, 149),
	(122, 148),
	(129, 147),
	(128, 158),
	(125, 177),
	(132, 123),
	(108, 180),
	(118, 177),
	(132, 160),
	(119, 154),
	(103, 175),
	(107, 169),
	(118, 135),
	(143, 133),
	(126, 172),
	(104, 129),
	(142, 170),
	(127, 151),
	(144, 142),
	(125, 132),
	(110, 141),
	(141, 121),
	(138, 155),
	(148, 171),
	(133, 165),
	(125, 138),
	(131, 127),
	(150, 131),
	(123, 161),
	(103, 149),
	(143, 146),
	(133, 136),
	(136, 163),
	(114, 125),
	(103, 162),
	(132, 165);

/* populate supplier table */
DELETE FROM rng.supplier;

INSERT INTO rng.supplier
VALUES
	(1, 'super suppliers', '9721234567', 'super@suppliers.com', '15 Produce Ln, Boise, ID'),
	(2, 'mega suppliers', '9721231234', 'mega@suppliers.com', '20 Produce Ln, Dallas, TX'),
	(3, 'ultra suppliers', '9721235678', 'ultra@suppliers.com', '10 Produce Ln, Tucson, AZ'),
	(4, "Harber Inc", 9004445496, "harbercs@charberinc.org", "33 Eastwood Ave"),
	(5, "Rohan Group", 9006476499, "rhcs@rohangroup.org", "3688 Manitowish Trail"),
	(6, "Veum-Lowe", 9002808095, "velohq@cveumlowe.org", "9658 Pine View Crossing"),
	(10, 'Mycat', '5939226442', 'mstubbes0@sina.com.cn', '62696 Redwing Hill'),
	(11, 'Centidel', '3184518108', 'bgreengrass1@spiegel.de', '25723 Utah Terrace'),
	(12, 'Oyondu', '4311975437', 'ccullon2@1688.com', '06911 Northview Circle'),
	('7', 'The Hand that Feeds', '4697777777', 'Feed@THF.com', '1234 Castly Rock Westeros, TX 75070'),
	('8', 'Its Not Poop', '2148888888', 'Poop@notpoop.com', '3456 Kings Landing Westeros, TX 75013'),
	('9', 'For the Living', '9729999999', 'Living@4theliving.com', '5678 Winterfell The North, TX 75008');

/* populate shipment table */
DELETE FROM rng.shipment;

INSERT INTO rng.shipment
VALUES
	(1, 1829.36, '2019-03-31 15:26:33', '2018-06-09 17:55:19', 1),
	(2, 1515.65, '2019-04-20 02:16:33', '2018-11-04 14:25:02', 2),
	(3, 297.05, '2019-03-04 14:21:54', '2018-05-05 12:00:42', 3),
	(4, 392.94, '2019-01-11 23:08:27', '2018-03-11 11:50:39', 1),
	(5, 1435.67, '2019-02-03 01:56:38', '2018-02-26 19:43:18', 2),
	(6, 1487.08, '2019-01-27 07:06:27', '2018-08-24 06:02:02', 3),
	(7, 1753.76, '2019-04-04 15:16:29', '2018-10-17 08:38:58', 1),
	(8, 274.73, '2019-01-30 09:28:45', '2018-05-30 03:33:26', 2),
	(9, 1244.53, '2019-01-18 21:46:27', '2018-03-20 17:13:22', 3),
	(10, 1552.96, '2019-03-30 14:45:31', '2018-09-03 00:35:17', 1),
	(11, 1512.42, '2019-01-12 04:01:21', '2018-04-30 15:31:00', 2),
	(12, 1371.23, '2019-01-02 15:38:15', '2018-08-09 03:46:25', 3),
	(13, 1564.18, '2019-03-21 19:38:34', '2018-02-10 08:46:47', 1),
	(14, 303.11, '2019-03-06 06:28:41', '2018-02-04 01:54:12', 2),
	(15, 702.92, '2019-01-04 14:21:16', '2018-11-22 04:33:51', 3),
	(16, 1066.74, '2019-03-20 04:34:26', '2018-06-25 14:25:27', 1),
	(17, 1748.2, '2019-04-20 11:07:29', '2018-02-27 08:52:05', 2),
	(18, 1075.69, '2019-01-07 12:05:45', '2018-09-12 23:55:02', 3),
	(19, 870.27, '2019-01-08 13:41:49', '2018-09-10 06:15:53', 1),
	(20, 959.81, '2019-03-24 18:42:35', '2018-08-05 09:56:54', 2),
	(21, 158.28, '2019-04-18 12:48:58', '2018-01-08 16:44:01', 3),
	(22, 1073.01, '2019-04-24 07:11:48', '2018-12-11 03:40:51', 1),
	(23, 1058.0, '2019-01-11 07:33:51', '2018-06-01 21:51:20', 2),
	(24, 773.08, '2019-01-09 19:28:14', '2018-12-22 06:40:53', 3),
	(25, 91.3, '2019-03-06 10:15:14', '2018-02-02 22:54:11', 1),
	(26, 968.35, '2019-03-22 12:12:52', '2018-12-16 03:56:38', 2),
	(27, 1032.72, '2019-02-16 19:54:05', '2018-12-07 11:52:36', 3),
	(28, 387.6, '2019-04-09 22:55:46', '2018-05-31 05:26:43', 1),
	(29, 1560.39, '2019-03-10 08:20:46', '2018-05-23 21:16:35', 2),
	(30, 163.93, '2019-03-20 05:11:38', '2018-10-18 20:25:50', 3),
	(31, 1388.4, '2019-03-30 10:46:18', '2018-04-22 21:49:28', 1),
	(32, 186.49, '2019-02-10 17:22:15', '2018-04-06 13:38:43', 2),
	(33, 435.88, '2019-02-01 16:08:06', '2018-07-27 14:35:58', 3),
	(34, 1443.37, '2019-01-06 23:11:24', '2018-08-15 09:47:56', 1),
	(35, 1690.73, '2019-04-15 11:46:15', '2018-02-09 12:28:01', 2),
	(36, 1096.83, '2019-02-06 05:56:49', '2018-01-26 05:22:37', 3),
	(37, 1332.02, '2019-02-10 02:27:54', '2018-05-11 05:12:22', 1),
	(38, 874.22, '2019-04-16 14:25:55', '2018-10-31 17:01:16', 2),
	(39, 1914.78, '2019-01-04 19:51:33', '2018-01-23 04:52:02', 3),
	(40, 934.53, '2019-04-02 07:50:50', '2018-07-31 08:47:32', 1),
	(41, 1228.72, '2019-03-12 19:42:49', '2018-10-25 20:56:14', 2),
	(42, 946.76, '2019-02-02 03:24:38', '2018-07-03 04:51:53', 3),
	(43, 99.54, '2019-04-21 09:19:24', '2018-06-27 01:41:42', 1),
	(44, 1576.0, '2019-03-02 10:02:06', '2018-04-12 21:05:04', 2),
	(45, 672.55, '2019-01-09 05:09:03', '2018-02-01 10:09:38', 3),
	(46, 907.28, "2017-04-04 02:41:44", "2017-04-03 02:41:44", 4),
	(47, 358.23, "2015-06-25 01:05:10", "2015-06-16 01:05:10", 4),
	(48, 914.18, "2015-11-13 04:08:20", "2015-11-03 04:08:20", 4),
	(49, 401.23, "2017-10-28 12:57:31", "2017-10-26 12:57:31", 4),
	(50, 989.07, "2014-10-22 03:00:10", "2014-10-17 03:00:10", 4),
	(51, 854.44, "2015-09-05 09:22:36", "2015-08-24 09:22:36", 4),
	(52, 844.87, "2016-07-25 01:12:15", "2016-07-21 01:12:15", 4),
	(53, 391.07, "2015-09-29 01:37:59", "2015-09-22 01:37:59", 4),
	(54, 668.97, "2019-03-25 03:24:16", "2019-03-21 03:24:16", 4),
	(55, 448.61, "2017-03-17 01:45:04", "2017-03-11 01:45:04", 4),
	(56, 981.73, "2014-07-03 07:07:21", "2014-07-01 07:07:21", 4),
	(57, 353.81, "2014-03-04 05:04:47", "2014-02-18 05:04:47", 4),
	(58, 501.39, "2016-12-05 03:27:54", "2016-11-28 03:27:54", 4),
	(59, 857.08, "2015-09-23 08:14:06", "2015-09-19 08:14:06", 4),
	(60, 628.33, "2015-05-27 07:36:20", "2015-05-16 07:36:20", 4),
	(61, 866.52, "2017-01-28 01:07:06", "2017-01-14 01:07:06", 5),
	(62, 673.29, "2017-02-01 09:23:00", "2017-01-25 09:23:00", 5),
	(63, 385.36, "2014-11-30 01:45:39", "2014-11-17 01:45:39", 5),
	(64, 593.38, "2019-03-13 12:39:32", "2019-03-08 12:39:32", 5),
	(65, 562.46, "2018-08-05 11:00:33", "2018-07-28 11:00:33", 5),
	(66, 694.68, "2015-09-30 02:20:58", "2015-09-22 02:20:58", 5),
	(67, 420.83, "2018-08-02 06:14:07", "2018-07-25 06:14:07", 5),
	(68, 725.66, "2017-03-19 05:26:35", "2017-03-13 05:26:35", 5),
	(69, 467.81, "2017-07-24 11:33:05", "2017-07-14 11:33:05", 5),
	(70, 854.79, "2015-12-19 08:16:31", "2015-12-18 08:16:31", 5),
	(71, 951.05, "2016-03-30 05:31:08", "2016-03-23 05:31:08", 5),
	(72, 921.48, "2015-11-20 12:20:55", "2015-11-11 12:20:55", 5),
	(73, 392.52, "2017-07-15 12:19:51", "2017-07-08 12:19:51", 5),
	(74, 819.47, "2015-04-07 10:10:12", "2015-03-28 10:10:12", 5),
	(75, 744.1, "2018-02-25 03:23:20", "2018-02-20 03:23:20", 5),
	(76, 426.82, "2014-05-07 03:38:22", "2014-05-03 03:38:22", 6),
	(77, 371.29, "2016-12-23 11:24:02", "2016-12-09 11:24:02", 6),
	(78, 708.89, "2014-11-06 06:19:27", "2014-11-01 06:19:27", 6),
	(79, 637.78, "2017-09-17 10:28:08", "2017-09-14 10:28:08", 6),
	(80, 832.88, "2017-05-24 03:19:00", "2017-05-23 03:19:00", 6),
	(81, 870.93, "2016-05-04 02:27:21", "2016-05-01 02:27:21", 6),
	(82, 558.24, "2016-07-18 11:04:28", "2016-07-09 11:04:28", 6),
	(83, 832.27, "2016-05-28 03:30:28", "2016-05-14 03:30:28", 6),
	(84, 930.68, "2014-10-19 06:30:17", "2014-10-15 06:30:17", 6),
	(85, 656.74, "2014-08-02 06:18:29", "2014-07-21 06:18:29", 6),
	(86, 473.4, "2018-11-07 09:13:58", "2018-11-02 09:13:58", 6),
	(87, 384.36, "2014-12-01 12:13:03", "2014-11-20 12:13:03", 6),
	(88, 239.11, "2016-03-29 02:26:50", "2016-03-17 02:26:50", 6),
	(89, 816.57, "2015-06-01 11:09:07", "2015-05-25 11:09:07", 6),
	(90, 414.55, "2017-01-22 09:20:52", "2017-01-10 09:20:52", 6),
	(136, 880.42, '2019-04-19 12:17:56', '2018-04-14 13:38:54', 12),
	(137, 551.66, '2019-04-17 23:28:29', '2018-04-04 06:55:39', 10),
	(138, 1356.92, '2019-04-16 06:34:19', '2018-04-19 02:20:39', 10),
	(139, 1073.19, '2019-04-16 03:36:12', '2018-04-10 13:30:58', 12),
	(140, 1051.36, '2019-04-13 16:55:42', '2018-04-20 22:39:16', 11),
	(141, 1921.89, '2019-04-16 13:20:07', '2018-04-22 22:03:53', 11),
	(142, 103.33, '2019-04-11 11:37:33', '2018-04-22 23:26:21', 12),
	(143, 957.92, '2019-04-22 08:16:03', '2018-04-05 16:49:34', 11),
	(144, 1327.02, '2019-04-21 03:58:03', '2018-04-04 13:46:13', 11),
	(145, 1581.03, '2019-04-13 01:40:40', '2018-04-19 07:38:29', 11),
	(146, 881.5, '2019-04-17 14:19:29', '2018-04-23 21:17:06', 12),
	(147, 1116.12, '2019-04-21 13:03:01', '2018-04-18 04:32:26', 11),
	(148, 1782.53, '2019-04-11 05:55:18', '2018-04-08 22:24:40', 11),
	(149, 1349.73, '2019-04-22 15:57:55', '2018-04-19 20:12:28', 11),
	(150, 992.81, '2019-04-17 09:47:03', '2018-04-14 18:27:21', 10),
	(151, 186.99, '2019-04-21 03:07:28', '2018-04-18 11:47:08', 12),
	(152, 1922.16, '2019-04-23 21:42:37', '2018-04-22 06:33:05', 11),
	(153, 1116.61, '2019-04-11 19:28:10', '2018-04-06 14:32:14', 12),
	(154, 717.37, '2019-04-15 09:10:49', '2018-04-23 08:57:07', 10),
	(155, 1639.42, '2019-04-13 01:32:44', '2018-04-16 13:16:38', 12),
	(156, 285.1, '2019-04-22 16:28:21', '2018-04-10 01:21:51', 12),
	(157, 811.88, '2019-04-20 04:05:55', '2018-04-09 17:20:06', 12),
	(158, 1870.19, '2019-04-21 05:46:06', '2018-04-23 22:22:54', 12),
	(159, 671.02, '2019-04-17 05:02:59', '2018-04-19 16:06:26', 12),
	(160, 1394.66, '2019-04-16 01:56:20', '2018-04-18 10:41:14', 11),
	(161, 1021.67, '2019-04-14 16:21:05', '2018-04-07 09:33:21', 10),
	(162, 881.71, '2019-04-22 14:57:10', '2018-04-24 07:52:50', 10),
	(163, 590.36, '2019-04-13 20:21:46', '2018-04-16 06:36:53', 12),
	(164, 778.5, '2019-04-12 11:56:28', '2018-04-10 06:32:02', 12),
	(165, 1940.44, '2019-04-12 04:50:28', '2018-04-21 21:51:51', 11),
	(166, 1549.16, '2019-04-18 06:48:26', '2018-04-05 11:07:13', 10),
	(167, 1278.93, '2019-04-10 05:42:45', '2018-04-16 08:56:31', 12),
	(168, 143.38, '2019-04-12 11:10:51', '2018-04-17 23:19:41', 10),
	(169, 1732.5, '2019-04-10 08:27:17', '2018-04-18 12:31:05', 10),
	(170, 1546.76, '2019-04-13 10:54:50', '2018-04-04 16:55:31', 12),
	(171, 1189.88, '2019-04-24 21:20:59', '2018-04-17 15:58:34', 12),
	(172, 1259.0, '2019-04-16 00:04:00', '2018-04-11 15:54:52', 12),
	(173, 491.23, '2019-04-18 01:56:34', '2018-04-19 14:03:13', 11),
	(174, 425.25, '2019-04-18 23:50:40', '2018-04-08 05:59:05', 12),
	(175, 1451.01, '2019-04-11 02:48:32', '2018-04-19 11:16:10', 10),
	(176, 336.47, '2019-04-10 08:56:07', '2018-04-21 03:13:14', 12),
	(177, 1469.87, '2019-04-17 01:30:48', '2018-04-20 11:26:10', 11),
	(178, 697.95, '2019-04-24 17:16:15', '2018-04-05 12:47:26', 12),
	(179, 332.02, '2019-04-23 02:55:05', '2018-04-16 03:47:59', 10),
	(180, 995.76, '2019-04-17 01:56:35', '2018-04-17 15:56:16', 10),
	('91', '500', '2019-05-01 00:00:00', '2019-04-29 00:00:00', '7'),
	('92', '501', '2019-05-01 00:00:00', '2019-04-29 00:00:00', '7'),
	('93', '502', '2019-05-01 00:00:00', '2019-04-29 00:00:00', '7'),
	('94', '503', '2019-05-01 00:00:00', '2019-04-29 00:00:00', '7'),
	('95', '504', '2019-05-01 00:00:00', '2019-04-29 00:00:00', '7'),
	('96', '505', '2019-05-01 00:00:00', '2019-04-29 00:00:00', '7'),
	('97', '506', '2019-05-01 00:00:00', '2019-04-29 00:00:00', '7'),
	('98', '507', '2019-05-01 00:00:00', '2019-04-29 00:00:00', '7'),
	('99', '508', '2019-05-01 00:00:00', '2019-04-29 00:00:00', '7'),
	('100', '509', '2019-05-01 00:00:00', '2019-04-29 00:00:00', '7'),
	('101', '510', '2019-05-01 00:00:00', '2019-04-29 00:00:00', '7'),
	('102', '511', '2019-05-01 00:00:00', '2019-04-29 00:00:00', '7'),
	('103', '512', '2019-05-01 00:00:00', '2019-04-29 00:00:00', '7'),
	('104', '513', '2019-05-01 00:00:00', '2019-04-29 00:00:00', '7'),
	('105', '514', '2019-05-01 00:00:00', '2019-04-29 00:00:00', '7'),
	('106', '515', '2019-05-01 00:00:00', '2019-04-28 00:00:00', '8'),
	('107', '516', '2019-05-01 00:00:00', '2019-04-28 00:00:00', '8'),
	('108', '517', '2019-05-01 00:00:00', '2019-04-28 00:00:00', '8'),
	('109', '518', '2019-05-01 00:00:00', '2019-04-28 00:00:00', '8'),
	('110', '519', '2019-05-01 00:00:00', '2019-04-28 00:00:00', '8'),
	('111', '520', '2019-05-01 00:00:00', '2019-04-28 00:00:00', '8'),
	('112', '521', '2019-05-01 00:00:00', '2019-04-28 00:00:00', '8'),
	('113', '522', '2019-05-01 00:00:00', '2019-04-28 00:00:00', '8'),
	('114', '523', '2019-05-01 00:00:00', '2019-04-28 00:00:00', '8'),
	('115', '524', '2019-05-01 00:00:00', '2019-04-28 00:00:00', '8'),
	('116', '525', '2019-05-01 00:00:00', '2019-04-28 00:00:00', '8'),
	('117', '526', '2019-05-01 00:00:00', '2019-04-28 00:00:00', '8'),
	('118', '527', '2019-05-01 00:00:00', '2019-04-28 00:00:00', '8'),
	('119', '528', '2019-05-01 00:00:00', '2019-04-28 00:00:00', '8'),
	('120', '529', '2019-05-01 00:00:00', '2019-04-28 00:00:00', '8'),
	('121', '530', '2019-05-01 00:00:00', '2019-04-30 00:00:00', '9'),
	('122', '531', '2019-05-01 00:00:00', '2019-04-30 00:00:00', '9'),
	('123', '532', '2019-05-01 00:00:00', '2019-04-30 00:00:00', '9'),
	('124', '533', '2019-05-01 00:00:00', '2019-04-30 00:00:00', '9'),
	('125', '534', '2019-05-01 00:00:00', '2019-04-30 00:00:00', '9'),
	('126', '535', '2019-05-01 00:00:00', '2019-04-30 00:00:00', '9'),
	('127', '536', '2019-05-01 00:00:00', '2019-04-30 00:00:00', '9'),
	('128', '537', '2019-05-01 00:00:00', '2019-04-30 00:00:00', '9'),
	('129', '538', '2019-05-01 00:00:00', '2019-04-30 00:00:00', '9'),
	('130', '539', '2019-05-01 00:00:00', '2019-04-30 00:00:00', '9'),
	('131', '540', '2019-05-01 00:00:00', '2019-04-30 00:00:00', '9'),
	('132', '541', '2019-05-01 00:00:00', '2019-04-30 00:00:00', '9'),
	('133', '542', '2019-05-01 00:00:00', '2019-04-30 00:00:00', '9'),
	('134', '543', '2019-05-01 00:00:00', '2019-04-30 00:00:00', '9'),
	('135', '544', '2019-05-01 00:00:00', '2019-04-30 00:00:00', '9');

/* populate contains table */
DELETE FROM rng.contains;

INSERT INTO rng.contains
VALUES
	(1, 1, 972),
	(2, 2, 565),
	(3, 3, 792),
	(4, 4, 364),
	(5, 5, 179),
	(6, 6, 547),
	(7, 7, 224),
	(8, 8, 462),
	(9, 9, 692),
	(10, 10, 584),
	(11, 11, 116),
	(12, 12, 428),
	(13, 13, 590),
	(14, 14, 642),
	(15, 15, 505),
	(16, 16, 882),
	(17, 17, 392),
	(18, 18, 298),
	(19, 19, 827),
	(20, 20, 472),
	(21, 21, 646),
	(22, 22, 513),
	(23, 23, 781),
	(24, 24, 836),
	(25, 25, 326),
	(26, 26, 609),
	(27, 27, 955),
	(28, 28, 924),
	(29, 29, 647),
	(30, 30, 814),
	(31, 31, 842),
	(32, 32, 724),
	(33, 33, 493),
	(34, 34, 676),
	(35, 35, 152),
	(36, 36, 595),
	(37, 37, 139),
	(38, 38, 657),
	(39, 39, 146),
	(40, 40, 294),
	(41, 41, 193),
	(42, 42, 394),
	(43, 43, 446),
	(44, 44, 529),
	(45, 45, 374),
	(45, 44, 200),
	(46, 104, 920),
	(47, 117, 344),
	(48, 71, 525),
	(49, 113, 580),
	(50, 112, 452),
	(51, 86, 242),
	(52, 81, 561),
	(53, 70, 895),
	(54, 73, 109),
	(55, 77, 429),
	(56, 105, 640),
	(57, 107, 61),
	(58, 68, 53),
	(59, 88, 163),
	(60, 109, 588),
	(61, 75, 344),
	(62, 71, 227),
	(63, 89, 918),
	(64, 109, 749),
	(65, 86, 950),
	(66, 89, 832),
	(67, 90, 136),
	(68, 94, 226),
	(69, 101, 851),
	(70, 77, 856),
	(71, 114, 970),
	(72, 108, 625),
	(73, 102, 896),
	(74, 98, 133),
	(75, 93, 585),
	(76, 104, 716),
	(77, 114, 731),
	(78, 118, 722),
	(79, 71, 753),
	(80, 118, 900),
	(81, 65, 546),
	(82, 89, 536),
	(83, 73, 778),
	(84, 107, 147),
	(85, 113, 359),
	(86, 90, 888),
	(87, 110, 192),
	(88, 88, 447),
	(89, 70, 194),
	(90, 82, 881),
	(136, 181, 650),
	(137, 182, 908),
	(138, 183, 962),
	(139, 184, 655),
	(140, 185, 160),
	(141, 186, 958),
	(142, 187, 670),
	(143, 188, 345),
	(144, 189, 799),
	(145, 190, 190),
	(146, 191, 917),
	(147, 192, 367),
	(148, 193, 310),
	(149, 194, 737),
	(150, 195, 806),
	(151, 196, 724),
	(152, 197, 659),
	(153, 198, 204),
	(154, 199, 132),
	(155, 200, 389),
	(156, 201, 369),
	(157, 202, 592),
	(158, 203, 105),
	(159, 204, 306),
	(160, 205, 814),
	(161, 206, 520),
	(162, 207, 286),
	(163, 208, 339),
	(164, 209, 570),
	(165, 210, 257),
	(166, 211, 242),
	(167, 212, 117),
	(168, 213, 352),
	(169, 214, 994),
	(170, 215, 302),
	(171, 216, 871),
	(172, 217, 797),
	(173, 218, 402),
	(174, 219, 862),
	(175, 220, 573),
	(176, 221, 650),
	(177, 222, 363),
	(178, 223, 716),
	(179, 224, 501),
	(180, 225, 834),
	(98, 179, 18),
	(106, 139, 91),
	(96, 143, 87),
	(113, 174, 94),
	(116, 149, 75),
	(93, 157, 40),
	(98, 125, 16),
	(103, 146, 35),
	(124, 147, 20),
	(123, 141, 89),
	(108, 151, 17),
	(115, 153, 14),
	(126, 136, 25),
	(128, 150, 24),
	(109, 154, 58),
	(100, 121, 88),
	(108, 155, 89),
	(103, 156, 93),
	(132, 164, 38),
	(106, 124, 96),
	(113, 158, 96),
	(106, 122, 58),
	(126, 178, 56),
	(104, 125, 96),
	(119, 144, 71),
	(93, 180, 50),
	(105, 131, 37),
	(108, 131, 56),
	(96, 136, 48),
	(92, 174, 10),
	(101, 162, 23),
	(122, 168, 43),
	(98, 127, 36),
	(104, 128, 77),
	(134, 150, 41),
	(105, 177, 21),
	(117, 133, 49),
	(106, 164, 85),
	(94, 139, 99),
	(131, 127, 76),
	(129, 159, 53),
	(100, 161, 31),
	(127, 179, 14),
	(120, 127, 100);

/* populate position table */
DELETE FROM rng.position;

INSERT INTO rng.position
VALUES
	('stockerA', 'stocks beverages, meat, and dairy'),
	('cashier', 'operates cash register'),
	('manager', 'manages employees'),
	("stockerB", "department stocker"),
	("baker", "baker for bakery"),
	('stockerD', 'stocks baked goods, fruits, and health products'),
	('janitor', 'cleans the store'),
	('stockerC', 'stocks frozen, produce, breakfast dept'),
	('customer_service', 'works at CS desk');

/* populate employee table */
DELETE FROM rng.employee;

INSERT INTO rng.employee
VALUES
	(1, 'Roarke Soigoux', '5143 Corscot Hill', '1991-03-04', 'rsoigoux0@ifeng.com', '3793824162', '2018-11-13', 'stockerA'),
	(2, 'Willie Voules', '88 Oak Valley Alley', '1976-07-31', 'wvoules1@istockphoto.com', '3727880103', '2009-01-08', 'cashier'),
	(3, 'Jacqueline Rhydderch', '21055 Hermina Lane', '1996-11-29', 'jrhydderch2@go.com', '2626196376', '2006-01-17', 'stockerA'),
	(4, 'Antonina Koba', '8052 Lyons Road', '1971-04-05', 'akoba3@elegantthemes.com', '9381561555', '2015-04-11', 'cashier'),
	(5, 'Augustine Hawgood', '89015 Paget Plaza', '1988-08-22', 'ahawgood4@sciencedirect.com', '7377261166', '2005-05-09', 'stockerA'),
	(6, 'Melinda Aveling', '3486 Packers Circle', '1984-01-15', 'maveling5@4shared.com', '4311317405', '2004-10-13', 'cashier'),
	(7, 'Gale Housen', '67 Cottonwood Alley', '1988-12-07', 'ghousen6@buzzfeed.com', '9794319375', '2014-03-27', 'stockerA'),
	(8, 'Ameline McGlew', '40458 Tony Circle', '1998-01-02', 'amcglew7@creativecommons.org', '6452554533', '2014-01-11', 'cashier'),
	(9, 'Atalanta Kikke', '6100 Dennis Street', '1957-01-03', 'akikke8@free.fr', '1233835704', '2012-12-11', 'stockerA'),
	(10, 'Jolynn Westmancoat', '17 Nobel Park', '1964-08-30', 'jwestmancoat9@smh.com.au', '2061582747', '2015-09-25', 'cashier'),
	(41, 'Bill Washington', '5 Main Street', '1700-08-30', 'gwash@smh.com.au', '2061582747', '2015-09-25', 'manager'),
	(42, 'Abigail Lincoln', '6 Main Street', '1864-08-30', 'alinc9@smh.com.au', '2061582747', '2015-09-25', 'manager'),
	(43, 'Ernesta Franklin', '7 Main Street', '1913-08-30', 'troos9@smh.com.au', '2061582747', '2015-09-25', 'manager'),
	(44, 'Michael Kennedy', '8 Main Street', '1964-08-30', 'jkennedy@smh.com.au', '2061582747', '2015-09-25', 'manager'),
	(11, 'Margaret Hordell', '021 Browning Terrace', '1980-01-28', 'mhordell0@ibm.com', '5579295291', '2003-12-11', "stockerB"),
	(12, 'Ulberto Durnford', '271 Canary Drive', '1975-12-21', 'udurnford1@guardian.co.uk', '6476664292', '2014-11-21', "baker"),
	(13, 'Alberta Punch', '753 Montana Pass', '1998-10-21', 'apunch2@moonfruit.com', '6437420018', '2003-11-30', "stockerB"),
	(14, 'Steve De Lascy', '324 Butterfield Alley', '1986-12-15', 'sde3@networksolutions.com', '7891949322', '2006-08-21', "baker"),
	(15, 'Shaylah Goodge', '866 Parkside Pass', '1998-03-06', 'sgoodge4@toplist.cz', '9102460967', '2013-02-28', "baker"),
	(16, 'Melloney Orrin', '56658 Loomis Court', '1995-06-21', 'morrin5@yahoo.com', '5789616714', '2011-02-07', "stockerB"),
	(17, 'Ly Peperell', '57 Farwell Circle', '1972-06-15', 'lpeperell6@dot.gov', '3368170588', '2007-12-11', "stockerB"),
	(18, 'Ada Blackaller', '23 Holmberg Road', '1991-11-24', 'ablackaller7@symantec.com', '5589174640', '2016-04-19', "stockerB"),
	(19, 'Sula Slateford', '74611 Kingsford Terrace', '1987-12-24', 'sslateford8@craigslist.org', '4698508721', '2013-04-27', "stockerB"),
	(20, 'Siouxie McCullock', '4 Lakewood Hill', '1974-01-26', 'smccullock9@upenn.edu', '1714512764', '2013-04-10', "stockerB"),
	(31, 'Dasha Ritchley', '005 Farwell Place', '1987-08-01', 'dritchley0@wordpress.org', '6077731134', '2015-08-22 17:47:12', 'stockerD'),
	(32, 'Hubert Dufer', '8775 Larry Drive', '1972-02-05', 'hdufer1@fda.gov', '4586996656', '2014-05-31 01:54:35', 'janitor'),
	(33, 'Aleta Zupone', '493 Russell Point', '1998-07-18', 'azupone2@flavors.me', '9954973983', '2013-03-31 11:07:15', 'stockerD'),
	(34, 'Miner Muddicliffe', '8239 Anhalt Way', '1994-05-19', 'mmuddicliffe3@wufoo.com', '2285369372', '2010-04-30 05:06:12', 'janitor'),
	(35, 'Joel Castelluzzi', '4 Upham Street', '1982-11-01', 'jcastelluzzi4@t.co', '7449340004', '2009-08-14 06:31:58', 'stockerD'),
	(36, 'Kathie Blagburn', '09641 Atwood Crossing', '1987-03-02', 'kblagburn5@moonfruit.com', '8277531416', '2009-02-15 07:53:10', 'janitor'),
	(37, 'Malia BURWIN', '25807 Lake View Plaza', '1997-05-13', 'mburwin6@chronoengine.com', '3582926297', '2014-01-27 19:45:32', 'stockerD'),
	(38, 'Doe Barrowcliff', '051 Dapin Alley', '1955-08-30', 'dbarrowcliff7@stanford.edu', '4051986626', '2015-04-16 08:53:29', 'janitor'),
	(39, 'Warde Grayer', '38083 6th Parkway', '1975-11-14', 'wgrayer8@apache.org', '3513137470', '2012-05-24 01:52:58', 'stockerD'),
	(40, 'Tracey Lethcoe', '1793 Meadow Ridge Road', '1999-03-21', 'tlethcoe9@sogou.com', '7111929124', '2017-03-11 23:20:52', 'janitor'),
	('21', 'Beret Bicksteth\r', '679A County Rd. Hinesville, GA 31313\n', '1989-11-19\n', 'bbicksteth1@tmall.com\n', '9726780024\n', '2019-03-21\n', 'customer_service'),
	('22', 'Devland Pioli\n', '9520 Primrose Street Wyoming, MI 49509\n', '1993-08-31\n', 'dpioli3@skyrock.com\n', '9726780044\n', '2019-03-07\n', 'stockerC'),
	('23', 'Dorette Fann\n', '76 Third Drive Lewis Center, OH 43035\n', '1995-12-07\n', 'dfann5@psu.edu\n', '9726780050\n', '2019-01-21\n', 'stockerC'),
	('24', 'Reinaldo Vannozzii\n', '164 W. Devonshire Road Yakima, WA 98908\n', '1980-07-10\r ', 'rvannozzii9@jugem.jp\n', '9726780034\n', '2018-06-25\n', 'stockerC'),
	('25', 'Maryanna Renney\n', '8041 Beaver Ridge St. Jamestown, NY 14701\n', '1995-05-11\n', 'mrenney2@netscape.com\n', '9726780018\n', '2018-07-21\n', 'stockerC'),
	('26', 'Wynnie Itzcovichch\n', '9753C Thompson Ave. New Berlin, WI 53151\n', '1994-01-07\n', 'witzcovichch4@tamu.edu\n', '9726780026\n', '2018-06-11\n', 'stockerC'),
	('27', 'Rolland Stovold\n', '977 Wall St. Canyon Country, CA 91387\n', '1989-04-17\n', 'rstovold7@vkontakte.ru\n', '9726780032\n', '2018-07-12\n', 'customer_service'),
	('28', 'Edna Bickardike\n', '1 Nut Swamp St. Danbury, CT 06810\n', '1990-05-17\n', 'ebickardike6@american.com\n', '9726780010\n', '2019-03-17\n', 'customer_service'),
	('29', 'Worden Maps\n', '56 Beacon Dr. Newburgh, NY 12550\n', '1980-12-19\n', 'wmaps8@chronoengine.com\n', '9726780048\n', '2019-01-07\n', 'customer_service'),
	('30', 'Camille Crittal\n', '8588 Broad Court Key West, FL 33040\n', '1992-06-09\n', 'ccrittal0@domainmarket.com\n', '9726780011\n', '2019-03-18\n', 'stockerC');

/* populate involves table */
DELETE FROM rng.involves;

INSERT INTO rng.involves
VALUES
	('stockerA', 'dairy'),
	('stockerA', 'meat'),
	('stockerA', 'beverages'),
	("stockerB", "Baking"),
	("stockerB", "Bread & Bakery"),
	("stockerB", "Condiments & Spice"),
	("baker", "Bread & Bakery"),
	('stockerD', 'baked goods'),
	('stockerD', 'fruits'),
	('stockerD', 'health products'),
	('stockerC', 'Breakfast'),
	('stockerC', 'Frozen Food'),
	('stockerC', 'Produce');

/* populate manager table */
DELETE FROM rng.manager;

INSERT INTO rng.manager
VALUES
	(1, 'SHIFT'),
	(2, 'SHIFT'),
	(41, 'ASSISTANT'),
	(42, 'ASSISTANT'),
	(43, 'ASSISTANT'),
	(44, 'GENERAL'),
	(11, "SHIFT"),
	(12, "SHIFT"),
	(31, 'SHIFT'),
	(32, 'SHIFT'),
	('24', 'SHIFT'),
	('29', 'SHIFT');

/* populate manages table */
DELETE FROM rng.manages;

INSERT INTO rng.manages
VALUES
	(1, 'stockerA'),
	(2, 'cashier'),
	(41, 'stockerA'),
	(41, 'stockerB'),
	(41, 'stockerC'),
	(41, 'stockerD'),
	(42, 'baker'),
	(42, 'janitor'),
	(43, 'cashier'),
	(43, 'customer_service'),
	(44, 'manager'),
	(11, "stockerB"),
	(12, "baker"),
	(31, 'stockerD'),
	(32, 'janitor'),
	('24', 'stockerC'),
	('29', 'customer_service');

